Автомобильная дорога,"Местоположение остановочной площадки, км",,Наименование,Расположение,Наличие павильона,Широта,Широта (секунды),Долгота,Долгота (секунды)
Звенигово - Помары,1,378,Сады Дружбы,Слева,Есть,55° 59' 10,19156'',48° 1' 35,55612''
Звенигово - Помары,1,379,Сады Дружбы,Справа,Нет,55° 59' 10,19891'',48° 1' 35,60866''
Звенигово - Помары,1,733,Сады Дружбы,Слева,Есть,55° 59' 09,07916'',48° 1' 55,05815''
Звенигово - Помары,2,25,Дачи,Справа,Нет,55° 59' 07,13468'',48° 2' 25,08108''
Звенигово - Помары,2,293,Дачи,Слева,Нет,55° 59' 07,18915'',48° 2' 27,71821''
Звенигово - Помары,2,59,Сады Дружбы,Справа,Нет,55° 59' 07,69528'',48° 2' 44,86028''
Звенигово - Помары,2,637,Сады Дружбы,Слева,Есть,55° 59' 07,87051'',48° 2' 47,72260''
Звенигово - Помары,3,218,Дачи,Справа,Нет,55° 59' 09,30236'',48° 3' 21,22506''
Звенигово - Помары,3,296,Дачи,Слева,Нет,55° 59' 09,48318'',48° 3' 25,45830''
Звенигово - Помары,3,438,Сады Дружбы,Справа,Есть,55° 59' 09,83908'',48° 3' 34,04880''
Звенигово - Помары,13,869,Исменцы,Справа,Нет,55° 57' 58,99639'',48° 13' 05,82513''
Звенигово - Помары,13,917,Исменцы,Слева,Есть,55° 57' 59,40441'',48° 13' 08,47346''
Звенигово - Помары,19,355,Березники,Справа,Есть,55° 57' 47,73397'',48° 18' 12,71484''
Звенигово - Помары,19,415,Березники,Слева,Нет,55° 57' 46,59006'',48° 18' 15,52529''
Звенигово - Помары,21,63,Помары,Слева,Нет,55° 57' 51,89103'',48° 20' 00,57859''
Звенигово - Помары,21,672,Помары,Справа,Нет,55° 57' 52,79046'',48° 20' 02,73195''
Звенигово - Помары,22,186,,Слева,Нет,55° 57' 58,65807'',48° 20' 30,28039''
Звенигово - Помары,22,301,,Справа,Нет,55° 57' 59,84959'',48° 20' 36,31536''
Звенигово - Помары,23,17,,Слева,Нет,55° 58' 05,37691'',48° 21' 25,03432''
Звенигово - Помары,23,4,Торговый центр,Справа,Есть,55° 58' 05,86622'',48° 21' 36,43043''
Звенигово - Шелангер - Морки,1,507,Звенигово,Слева,Нет,55° 58' 53,12037'',48° 0' 48,66309''
Звенигово - Шелангер - Морки,1,577,Гаражи,Справа,Есть,55° 58' 55,35365'',48° 0' 47,44540''
Звенигово - Шелангер - Морки,2,166,Звенигово,Слева,Есть,55° 59' 13,51442'',48° 0' 37,20681''
Звенигово - Шелангер - Морки,3,657,Дубовая Роща,Справа,Есть,56° 0' 01,30793'',48° 0' 36,71882''
Звенигово - Шелангер - Морки,3,702,Дубовая Роща,Слева,Нет,56° 0' 02,75146'',48° 0' 36,22685''
Звенигово - Шелангер - Морки,4,673,Дачи,Справа,Нет,56° 0' 33,91348'',48° 0' 26,84706''
Звенигово - Шелангер - Морки,4,684,Дачи,Слева,Есть,56° 0' 34,26311'',48° 0' 26,74164''
Звенигово - Шелангер - Морки,6,508,Аркамбал,Слева,Есть,56° 1' 32,24462'',48° 0' 42,34343''
Звенигово - Шелангер - Морки,6,729,Аркамбал,Справа,Нет,56° 1' 39,26262'',48° 0' 44,59507''
Звенигово - Шелангер - Морки,7,669,Красный Яр,Слева,Есть,56° 2' 08,61989'',48° 0' 58,57132''
Звенигово - Шелангер - Морки,7,799,Красный Яр,Справа,Нет,56° 2' 12,45070'',48° 1' 01,63217''
Звенигово - Шелангер - Морки,8,701,М. Маламасы,Слева,Есть,56° 2' 39,12799'',48° 1' 23,09613''
Звенигово - Шелангер - Морки,8,944,М. Маламасы,Справа,Нет,56° 2' 46,34316'',48° 1' 28,86987''
Звенигово - Шелангер - Морки,11,549,Иркино,Слева,Нет,56° 4' 07,68627'',48° 2' 00,81750''
Звенигово - Шелангер - Морки,11,886,Иркино,Справа,Есть,56° 4' 18,24162'',48° 2' 05,11939''
Звенигово - Шелангер - Морки,13,28,Северный выселок,Слева,Есть,56° 5' 02,78760'',48° 2' 15,61224''
Звенигово - Шелангер - Морки,13,6,Северный выселок,Справа,Нет,56° 5' 13,16881'',48° 2' 16,45524''
Звенигово - Шелангер - Морки,15,165,,Слева,Нет,56° 5' 57,05702'',48° 2' 56,39624''
Звенигово - Шелангер - Морки,15,243,,Справа,Есть,56° 5' 59,05735'',48° 2' 59,06562''
Звенигово - Шелангер - Морки,16,593,В. Памьялы,Справа,Нет,56° 6' 39,12719'',48° 3' 26,61196''
Звенигово - Шелангер - Морки,16,924,В. Памьялы,Слева,Есть,56° 6' 48,91076'',48° 3' 34,48534''
Звенигово - Шелангер - Морки,18,166,,Слева,Есть,56° 7' 26,17282'',48° 4' 01,68082''
Звенигово - Шелангер - Морки,18,266,,Справа,Нет,56° 7' 29,19165'',48° 4' 03,86817''
Звенигово - Шелангер - Морки,20,344,Кужмара,Слева,Есть,56° 8' 30,94753'',48° 4' 51,52891''
Звенигово - Шелангер - Морки,20,603,Кужмара,Справа,Есть,56° 8' 37,45596'',48° 5' 01,09323''
Звенигово - Шелангер - Морки,23,679,Поянсола,Слева,Есть,56° 9' 52,91103'',48° 6' 57,89391''
Звенигово - Шелангер - Морки,23,745,Поянсола,Справа,Нет,56° 9' 54,56400'',48° 7' 00,26041''
Звенигово - Шелангер - Морки,25,593,Нурда-Мучаш,Слева,Есть,56° 10' 42,40095'',48° 8' 04,36872''
Звенигово - Шелангер - Морки,25,647,Нурда-Мучаш,Справа,Нет,56° 10' 43,82476'',48° 8' 06,24653''
Звенигово - Шелангер - Морки,26,297,,Слева,Нет,56° 11' 00,74091'',48° 8' 28,92704''
Звенигово - Шелангер - Морки,26,355,,Справа,Нет,56° 11' 02,24701'',48° 8' 31,01284''
Звенигово - Шелангер - Морки,30,284,Нурда,Справа,Нет,56° 11' 59,74737'',48° 11' 51,48057''
Звенигово - Шелангер - Морки,30,362,Нурда,Слева,Есть,56° 12' 01,14162'',48° 11' 55,26291''
Звенигово - Шелангер - Морки,33,164,Шелангер,Слева,Есть,56° 12' 51,91742'',48° 14' 10,81783''
Звенигово - Шелангер - Морки,36,434,Химзавод,Справа,Есть,56° 14' 23,64706'',48° 14' 08,68284''
Звенигово - Шелангер - Морки,39,207,Шелангер,Справа,Есть,56° 13' 30,66711'',48° 16' 01,38889''
Звенигово - Шелангер - Морки,39,883,Анис-Сола ,Слева,Есть,56° 13' 35,10339'',48° 16' 39,90873''
Звенигово - Шелангер - Морки,42,454,Памаштур,Слева,Есть,56° 13' 48,75025'',48° 19' 07,16122''
Звенигово - Шелангер - Морки,54,163,Керебеляк,Слева,Есть,56° 16' 05,16019'',48° 29' 20,01850''
Звенигово - Шелангер - Морки,55,3,Суслонгер,Слева,Есть,56° 16' 31,45922'',48° 30' 06,40270''
Звенигово - Шелангер - Морки,56,509,Филиппсола,Слева,Есть,56° 17' 01,42742'',48° 30' 51,79477''
Звенигово - Шелангер - Морки,57,184,,Слева,Есть,56° 17' 18,16229'',48° 31' 17,03809''
Звенигово - Шелангер - Морки,67,141,Юрдур,Слева,Нет,56° 19' 01,62884'',48° 39' 47,12291''
Звенигово - Шелангер - Морки,67,19,Юрдур,Справа,Есть,56° 19' 02,36638'',48° 39' 49,77307''
Звенигово - Шелангер - Морки,69,755,Курыкюмал,Слева,Нет,56° 19' 43,83331'',48° 41' 56,20978''
Звенигово - Шелангер - Морки,70,3,Курыкюмал,Справа,Есть,56° 19' 47,36530'',48° 42' 10,86098''
Звенигово - Шелангер - Морки,71,85,Шереганово,Справа,Нет,56° 20' 08,56408'',48° 42' 58,42036''
Звенигово - Шелангер - Морки,71,315,Шереганово,Слева,Есть,56° 20' 13,81983'',48° 43' 07,71320''
Звенигово - Шелангер - Морки,74,11,Коркатово,Слева,Нет,56° 20' 56,93770'',48° 45' 05,74870''
Звенигово - Шелангер - Морки,74,83,Коркатово,Справа,Есть,56° 20' 59,24313'',48° 45' 05,74800''
Звенигово - Шелангер - Морки,78,801,Абдаево,Справа,Есть,56° 23' 21,83727'',48° 46' 34,04899''
Звенигово - Шелангер - Морки,78,835,Абдаево,Слева,Нет,56° 23' 22,85275'',48° 46' 34,87870''
Звенигово - Шелангер - Морки,81,7,Изи Шурга,Справа,Есть,56° 24' 15,59449'',48° 47' 55,24914''
Звенигово - Шелангер - Морки,81,779,Купсола,Слева,Нет,56° 24' 30,16651'',48° 48' 32,26669''
Звенигово - Шелангер - Морки,81,912,Купсола,Справа,Есть,56° 24' 32,67231'',48° 48' 38,40735''
Звенигово - Шелангер - Морки,84,332,Кугу Шали,Справа,Нет,56° 25' 04,94610'',48° 50' 45,23298''
Звенигово - Шелангер - Морки,84,388,Кугу Шали,Слева,Есть,56° 25' 05,90654'',48° 50' 48,05241''
Звенигово - Шелангер - Морки,87,193,Тыгыде Морко,Слева,Нет,56° 25' 34,53119'',48° 53' 17,81526''
Звенигово - Шелангер - Морки,87,396,Тыгыде Морко,Справа,Есть,56° 25' 37,93897'',48° 53' 27,96970''
Звенигово - Шелангер - Морки,91,63,Морки,Слева,Есть,56° 25' 44,71311'',48° 56' 53,54923''
Сернур - Новый Торъял,6,151,Мустаево,Слева,Есть,56° 56' 48,96393'',49° 1' 21,39914''
Сернур - Новый Торъял,6,183,Мустаево,Справа,Нет,56° 56' 49,13017'',49° 1' 19,51288''
Сернур - Новый Торъял,9,462,Шокшем,Справа,Нет,56° 57' 44,06581'',48° 58' 34,88456''
Сернур - Новый Торъял,9,515,Шокшем,Слева,Есть,56° 57' 45,14477'',48° 58' 32,41360''
Сернур - Новый Торъял,15,934,Старокрещено,Слева,Нет,56° 59' 42,29935'',48° 53' 29,35751''
Сернур - Новый Торъял,15,978,Старокрещено,Справа,Есть,56° 59' 42,04720'',48° 53' 26,76796''
Сернур - Новый Торъял,17,572,Ошканер,Слева,Нет,56° 59' 54,64225'',48° 51' 58,55286''
Сернур - Новый Торъял,17,709,Ошканер,Справа,Есть,56° 59' 55,48548'',48° 51' 50,50918''
Одобеляк - Куженер - Параньга,2,111,Бол. Царанур,Слева,Нет,56° 49' 02,24400'',48° 49' 43,47600''
Одобеляк - Куженер - Параньга,15,252,Памашнур,Слева,Есть,56° 47' 09,96384'',49° 0' 15,92952''
Одобеляк - Куженер - Параньга,15,277,Памашнур,Справа,Нет,56° 47' 10,02424'',49° 0' 17,63400''
Одобеляк - Куженер - Параньга,21,659,Шой-Шудумарь,Слева,Нет,56° 46' 16,43240'',49° 6' 00,16020''
Одобеляк - Куженер - Параньга,21,697,Шой-Шудумарь,Справа,Есть,56° 46' 15,59550'',49° 6' 02,18400''
Одобеляк - Куженер - Параньга,26,2,Рус. Кугунур,Слева,Есть,56° 45' 22,37137'',49° 9' 51,39750''
Одобеляк - Куженер - Параньга,26,129,Рус. Кугунур,Справа,Нет,56° 45' 20,90040'',49° 9' 58,46760''
Одобеляк - Куженер - Параньга,31,449,Мурзанаево,Слева,Нет,56° 44' 11,79960'',49° 14' 44,85480''
Одобеляк - Куженер - Параньга,31,551,Мурзанаево,Справа,Есть,56° 44' 10,43700'',49° 14' 50,32560''
Одобеляк - Куженер - Параньга,33,876,Куракино,Слева,Нет,56° 43' 38,65200'',49° 16' 54,24600''
Одобеляк - Куженер - Параньга,34,246,Куракино,Слева,Нет,56° 43' 41,21400'',49° 17' 15,18000''
Одобеляк - Куженер - Параньга,34,309,Куракино,Справа,Есть,56° 43' 41,64678'',49° 17' 18,28565''
Одобеляк - Куженер - Параньга,35,986,Яндемирово,Справа,Есть,56° 43' 53,60903'',49° 18' 54,20419''
Одобеляк - Куженер - Параньга,38,312,Ирмучаш,Слева,Нет,56° 44' 13,40400'',49° 21' 06,84000''
Одобеляк - Куженер - Параньга,38,34,Ирмучаш,Справа,Есть,56° 44' 13,71600'',49° 21' 08,56600''
Кокшайск - Красногорский,6,691,Шимшурга,Слева,Нет,56° 10' 49,36523'',47° 53' 46,40492''
Кокшайск - Красногорский,6,729,Шимшурга,Справа,Есть,56° 10' 49,16530'',47° 53' 49,08861''
Кокшайск - Красногорский,9,204,Шуйка,Слева,Есть,56° 10' 39,45470'',47° 56' 11,44800''
Кокшайск - Красногорский,9,256,Шуйка,Справа,Нет,56° 10' 39,29743'',47° 56' 14,12229''
Кокшайск - Красногорский,9,378,Шуйка,Справа,Есть,56° 10' 38,82986'',47° 56' 21,23357''
Кокшайск - Красногорский,14,178,Мал. Вележи,Слева,Нет,56° 10' 01,11617'',48° 0' 47,53450''
Кокшайск - Красногорский,14,559,М.Вележи,Справа,Есть,56° 9' 57,01766'',48° 1' 08,20851''
Кокшайск - Красногорский,17,768,Инерьялы,Слева,Нет,56° 9' 27,34626'',48° 4' 06,49587''
Кокшайск - Красногорский,18,153,Инерьялы,Справа,Есть,56° 9' 21,46774'',48° 4' 26,58209''
Кокшайск - Красногорский,18,721,Поянсола,Слева,Нет,56° 9' 12,69600'',48° 4' 56,16720''
Кокшайск - Красногорский,19,16,Кужмара,Справа,Нет,56° 9' 06,12840'',48° 5' 18,32280''
Кокшайск - Красногорский,19,442,Кужмарский перекресток,Слева,Есть,56° 9' 01,76018'',48° 5' 32,76273''
Кокшайск - Красногорский,22,2,Б.Кожвожи,Слева,Есть,56° 8' 51,69548'',48° 7' 53,31000''
Кокшайск - Красногорский,22,33,Б.Кожвожи,Справа,Нет,56° 8' 55,59000'',48° 8' 10,94739''
Кокшайск - Красногорский,25,95,М.Кужмара,Слева,Есть,56° 9' 52,36938'',48° 11' 08,45354''
Кокшайск - Красногорский,26,19,М.Кужмара,Справа,Нет,56° 9' 52,48900'',48° 11' 12,57000''
Кокшайск - Красногорский,30,59,М. Кужмара,Слева,Есть,56° 10' 00,74716'',48° 15' 05,54432''
Кокшайск - Красногорский,31,402,Дачи,Слева,Нет,56° 10' 03,61800'',48° 16' 23,91109''
Кокшайск - Красногорский,31,535,Дачи,Справа,Нет,56° 10' 04,00800'',48° 16' 32,07000''
Оршанка - Пектубаево - Новый Торъял,0,325,Оршанка,Справа,Есть,56° 55' 04,40449'',47° 53' 54,87527''
Оршанка - Пектубаево - Новый Торъял,2,668,М.Каракша,Слева,Есть,56° 55' 47,58148'',47° 55' 37,56315''
Оршанка - Пектубаево - Новый Торъял,2,722,М.Каракша,Справа,Нет,56° 55' 48,22137'',47° 55' 40,51642''
Оршанка - Пектубаево - Новый Торъял,5,563,Ушакова,Слева,Есть,56° 56' 00,97632'',47° 58' 24,67395''
Оршанка - Пектубаево - Новый Торъял,5,616,Ушакова,Справа,Нет,56° 56' 01,06290'',47° 58' 27,79889''
Оршанка - Пектубаево - Новый Торъял,7,995,Кучка,Слева,Есть,56° 56' 02,67808'',48° 0' 48,54392''
Оршанка - Пектубаево - Новый Торъял,8,416,Кучка,Справа,Нет,56° 56' 02,81113'',48° 1' 13,30555''
Оршанка - Пектубаево - Новый Торъял,12,79,Чирки,Слева,Есть,56° 55' 48,72452'',48° 5' 24,28747''
Оршанка - Пектубаево - Новый Торъял,13,236,Чирки,Справа,Нет,56° 55' 50,65999'',48° 5' 50,52388''
Оршанка - Пектубаево - Новый Торъял,17,187,Шулка,Слева,Есть,56° 56' 17,51713'',48° 9' 39,00703''
Оршанка - Пектубаево - Новый Торъял,17,279,Шулка,Справа,Нет,56° 56' 18,21631'',48° 9' 44,25619''
Оршанка - Пектубаево - Новый Торъял,21,184,Энгенер,Слева,Есть,56° 57' 58,14211'',48° 11' 51,49041''
Оршанка - Пектубаево - Новый Торъял,21,58,Энгенер,Справа,Нет,56° 58' 07,56242'',48° 12' 07,45633''
Оршанка - Пектубаево - Новый Торъял,26,661,Отары,Слева,Есть,56° 59' 25,97058'',48° 16' 29,07364''
Оршанка - Пектубаево - Новый Торъял,27,82,Отары,Справа,Нет,56° 59' 32,52637'',48° 16' 50,81923''
Оршанка - Пектубаево - Новый Торъял,27,711,Лужбеляк,Слева,Есть,56° 59' 42,56727'',48° 17' 23,27480''
Оршанка - Пектубаево - Новый Торъял,28,129,Лужбеляк,Справа,Нет,56° 59' 49,26497'',48° 17' 44,81831''
Оршанка - Пектубаево - Новый Торъял,28,457,Анисково,Слева,Нет,56° 59' 54,45494'',48° 18' 01,83409''
Оршанка - Пектубаево - Новый Торъял,28,878,Анисково,Справа,Нет,57° 0' 01,19855'',48° 18' 23,38892''
Оршанка - Пектубаево - Новый Торъял,30,543,,Справа,Нет,57° 0' 13,57160'',48° 19' 56,59618''
Оршанка - Пектубаево - Новый Торъял,32,248,Петриково,Справа,Нет,57° 0' 25,37501'',48° 21' 34,14340''
Оршанка - Пектубаево - Новый Торъял,32,295,Петриково,Слева,Есть,57° 0' 25,61342'',48° 21' 36,89599''
Оршанка - Пектубаево - Новый Торъял,34,526,Пектубаево,Слева,Нет,57° 1' 22,45564'',48° 22' 55,96277''
Оршанка - Пектубаево - Новый Торъял,41,625,Шишур,Справа,Есть,57° 2' 07,31782'',48° 27' 22,99109''
Оршанка - Пектубаево - Новый Торъял,52,357,Маркелово,Слева,Нет,56° 59' 34,08500'',48° 36' 32,61821''
Оршанка - Пектубаево - Новый Торъял,52,504,Маркелово,Справа,Есть,56° 59' 34,00364'',48° 36' 41,44876''
Оршанка - Пектубаево - Новый Торъял,54,255,Ошиганово,Справа,Есть,56° 59' 33,50224'',48° 38' 25,03253''
Оршанка - Пектубаево - Новый Торъял,56,92,Сады,Слева,Нет,56° 59' 35,13240'',48° 40' 56,05959''
Оршанка - Пектубаево - Новый Торъял,56,938,Сады,Справа,Есть,56° 59' 35,49257'',48° 40' 56,91857''
Нурсола - Новый Торъял,0,257,Нур-Сола,Справа,Есть,56° 49' 04,13679'',48° 42' 53,46279''
Нурсола - Новый Торъял,4,2,Кукмарь,Слева,Есть,56° 50' 50,39885'',48° 44' 39,90974''
Нурсола - Новый Торъял,4,344,Тумьюмучаш,Справа,Нет,56° 51' 00,08495'',48° 44' 49,60895''
Нурсола - Новый Торъял,6,282,Конганур,Слева,Нет,56° 51' 57,98586'',48° 45' 21,08669''
Нурсола - Новый Торъял,6,524,Конганур,Справа,Есть,56° 52' 05,76330'',48° 45' 19,75012''
Нурсола - Новый Торъял,8,643,Шургуял,Слева,Есть,56° 53' 14,04607'',48° 45' 07,63988''
Нурсола - Новый Торъял,8,68,Шургуял,Справа,Нет,56° 53' 15,23533'',48° 45' 07,46298''
Нурсола - Новый Торъял,10,559,Кемсола,Слева,Нет,56° 54' 15,69006'',48° 45' 13,16379''
Нурсола - Новый Торъял,10,766,Кемсола,Справа,Нет,56° 54' 22,44046'',48° 45' 14,01627''
Нурсола - Новый Торъял,11,843,Токтар-Сола,Слева,Нет,56° 54' 57,24170'',48° 45' 19,27955''
Нурсола - Новый Торъял,11,996,Токтар-Сола,Справа,Есть,56° 55' 02,20049'',48° 45' 20,53102''
Нурсола - Новый Торъял,12,662,,Слева,Нет,56° 55' 23,67043'',48° 45' 25,69056''
Нурсола - Новый Торъял,12,691,,Справа,Нет,56° 55' 24,59742'',48° 45' 25,90013''
Нурсола - Новый Торъял,15,631,Ст.Торъял,Справа,Нет,56° 56' 57,82862'',48° 45' 02,87227''
Нурсола - Новый Торъял,15,705,Ст.Торъял,Слева,Есть,56° 57' 00,21126'',48° 45' 02,34085''
Нурсола - Новый Торъял,18,768,М.Шуйбеляк   ,Слева,Нет,56° 58' 38,86124'',48° 44' 45,99293''
Нурсола - Новый Торъял,18,815,М.Шуйбеляк   ,Справа,Нет,56° 58' 40,40962'',48° 44' 45,70773''
Красный Мост - Килемары - Шаранга,0,1,Красный Мост,Справа,Есть,56° 33' 53,42591'',47° 9' 08,54427''
Красный Мост - Килемары - Шаранга,2,176,Озерный,Справа,Есть,56° 34' 37,94644'',47° 7' 42,28879''
Красный Мост - Килемары - Шаранга,3,24,Озерный,Слева,Нет,56° 35' 01,38359'',47° 6' 56,64123''
Красный Мост - Килемары - Шаранга,3,328,Озерный,Справа,Есть,56° 35' 03,33492'',47° 6' 52,85622''
Красный Мост - Килемары - Шаранга,16,457,Актаюж,Справа,Нет,56° 40' 06,90562'',47° 0' 16,22214''
Красный Мост - Килемары - Шаранга,16,503,Актаюж,Слева,Есть,56° 40' 08,32707'',47° 0' 15,50218''
Красный Мост - Килемары - Шаранга,19,654,Некрасова,Слева,Есть,56° 41' 38,88608'',46° 59' 07,96840''
Красный Мост - Килемары - Шаранга,19,712,Некрасова,Справа,Нет,56° 41' 39,90415'',46° 59' 05,00756''
Красный Мост - Килемары - Шаранга,26,187,Широкундыш,Справа,Есть,56° 44' 26,62132'',46° 55' 19,08869''
Красный Мост - Килемары - Шаранга,26,214,Широкундыш,Слева,Нет,56° 44' 27,18766'',46° 55' 17,88265''
Красный Мост - Килемары - Шаранга,28,963,Трёхречье,Слева,Есть,56° 45' 38,44858'',46° 53' 41,65795''
Красный Мост - Килемары - Шаранга,39,116,Васени,Справа,Нет,56° 50' 21,42534'',46° 49' 57,82785''
Красный Мост - Килемары - Шаранга,39,193,Васени,Слева,Есть,56° 50' 24,33046'',46° 49' 57,66031''
Красный Мост - Килемары - Шаранга,42,924,Самкино,Слева,Есть,56° 51' 35,93599'',46° 47' 10,31215''
Красный Мост - Килемары - Шаранга,42,97,Самкино,Справа,Нет,56° 51' 37,29586'',46° 47' 09,17034''
Красный Мост - Килемары - Шаранга,53,87,Б.Пинеж,Слева,Есть,56° 56' 29,03706'',46° 41' 11,15122''
Красный Мост - Килемары - Шаранга,54,83,Б.Пинеж,Справа,Нет,56° 56' 31,54834'',46° 40' 59,43919''
Красный Мост - Килемары - Шаранга,56,77,Нежнур,Слева,Есть,56° 56' 16,01702'',46° 39' 09,14707''
Елеево - Параньга,0,85,Елеево,Слева,Есть,56° 51' 09,38574'',49° 21' 10,22981''
Елеево - Параньга,0,129,Елеево,Справа,Нет,56° 51' 08,02300'',49° 21' 10,76887''
Елеево - Параньга,2,198,Оби-Памаш,Слева,Есть,56° 50' 02,20819'',49° 21' 33,13161''
Елеево - Параньга,2,313,Мари-Сеснур,Справа,Есть,56° 49' 58,57683'',49° 21' 34,40394''
Елеево - Параньга,4,87,Котяминер,Слева,Нет,56° 49' 02,46642'',49° 21' 56,21424''
Елеево - Параньга,4,122,Котяминер,Справа,Есть,56° 49' 01,42932'',49° 21' 56,98227''
Елеево - Параньга,4,189,Котяминер,Справа,Нет,56° 48' 59,38599'',49° 21' 58,47732''
Елеево - Параньга,7,491,Ильпанур,Слева,Есть,56° 47' 19,33068'',49° 23' 07,34897''
Елеево - Параньга,7,522,Ильпанур,Справа,Нет,56° 47' 18,36821'',49° 23' 08,02574''
Елеево - Параньга,10,307,Шеменер Мучаш,Слева,Нет,56° 45' 50,23413'',49° 23' 36,03221''
Елеево - Параньга,10,336,Шеменер Мучаш,Справа,Есть,56° 45' 49,29505'',49° 23' 36,06000''
Елеево - Параньга,12,358,Алашайка,Справа,Есть,56° 44' 44,76605'',49° 23' 53,20789''
Елеево - Параньга,15,279,Параньга,Слева,Есть,56° 43' 12,31100'',49° 24' 17,81025''
Сернур - Казанское - Кукнур,3,956,Сернур,Справа,Есть,56° 56' 42,84733'',49° 9' 01,49361''
Сернур - Казанское - Кукнур,7,99,Дубники,Слева,Есть,56° 58' 17,84313'',49° 8' 01,18679''
Сернур - Казанское - Кукнур,9,613,Мари-Шолнер,Слева,Есть,56° 59' 37,72955'',49° 7' 33,69903''
Сернур - Казанское - Кукнур,9,678,Мари-Шолнер,Справа,Нет,56° 59' 39,83371'',49° 7' 33,01244''
Сернур - Казанское - Кукнур,15,12,Марисола,Справа,Есть,57° 2' 06,99251'',49° 5' 04,47105''
Сернур - Казанское - Кукнур,15,519,Марисола,Справа,Нет,57° 2' 19,22866'',49° 5' 22,79718''
Сернур - Казанское - Кукнур,15,545,Марисола,Слева,Есть,57° 2' 19,87773'',49° 5' 23,89757''
Сернур - Казанское - Кукнур,16,959,Йошкар-Памаш,Справа,Нет,57° 2' 56,13860'',49° 6' 13,85950''
Сернур - Казанское - Кукнур,17,6,Йошкар-Памаш,Слева,Есть,57° 2' 57,66093'',49° 6' 13,69123''
Сернур - Казанское - Кукнур,20,115,Тулбень,Слева,Есть,57° 4' 37,36075'',49° 6' 25,33852''
Сернур - Казанское - Кукнур,36,504,Н.Рушенер,Слева,Есть,57° 12' 59,43695'',49° 6' 12,60081''
Сернур - Казанское - Кукнур,40,182,Читово,Слева,Есть,57° 13' 53,75729'',49° 4' 05,73028''
Озерки - Марьино - Юрино,0,758,Апаево,Слева,Нет,56° 22' 56,35714'',46° 29' 58,01571''
Озерки - Марьино - Юрино,0,852,Апаево,Справа,Нет,56° 22' 58,30800'',46° 29' 54,25200''
Озерки - Марьино - Юрино,4,79,Еникеево,Слева,Есть,56° 24' 01,77000'',46° 26' 49,23600''
Озерки - Марьино - Юрино,4,837,Еникеево,Справа,Нет,56° 24' 02,46825'',46° 26' 46,35975''
Озерки - Марьино - Юрино,40,4,Икша,Слева,Нет,56° 36' 50,77800'',46° 4' 29,41392''
Озерки - Марьино - Юрино,40,163,Икша,Справа,Есть,56° 36' 53,01035'',46° 4' 23,19106''
Озерки - Марьино - Юрино,47,482,Подгорное,Слева,Нет,56° 35' 18,95329'',45° 59' 07,61047''
Озерки - Марьино - Юрино,47,535,Подгорное,Справа,Есть,56° 35' 17,29765'',45° 59' 08,50376''
Копорулиха - Подгорное - Воскресенское,1,31,Копорулиха,Слева,Нет,56° 35' 49,54400'',45° 58' 22,49800''
Копорулиха - Подгорное - Воскресенское,1,76,Копорулиха,Справа,Есть,56° 35' 50,82100'',45° 58' 21,23433''
Объездная автодорога г. Йошкар-Олы,7,33,Черемушки,Справа,Есть,56° 34' 17,38050'',47° 40' 22,18950''
Октябрьский - Троицкий Посад,0,79,,Справа,Нет,56° 17' 38,43600'',46° 31' 49,74000''
Октябрьский - Троицкий Посад,1,157,,Слева,Есть,56° 17' 25,06800'',46° 30' 54,42600''
Октябрьский - Троицкий Посад,1,206,,Справа,Нет,56° 17' 24,95475'',46° 30' 51,78225''
Картуково - Микряково - Васильсурск,1,107,Картуково,Слева,Есть,56° 12' 33,07875'',46° 30' 44,87325''
Картуково - Микряково - Васильсурск,1,267,Климкино,Слева,Есть,56° 12' 37,34589'',46° 30' 39,49705''
Картуково - Микряково - Васильсурск,1,948,Музей Салымсола,Слева,Нет,56° 12' 53,20200'',46° 30' 13,15800''
Картуково - Микряково - Васильсурск,1,948,Музей Салымсола,Справа,Нет,56° 12' 53,20200'',46° 30' 13,15800''
Картуково - Микряково - Васильсурск,2,26,Музей Салымсола,Слева,Есть,56° 12' 54,03800'',46° 30' 09,00640''
Картуково - Микряково - Васильсурск,3,941,Новая Усола,Слева,Есть,56° 13' 08,52400'',46° 28' 22,83400''
Картуково - Микряково - Васильсурск,3,948,Новая Усола,Справа,Нет,56° 13' 08,62000'',46° 28' 22,47800''
Картуково - Микряково - Васильсурск,7,726,Запольные Пертнуры,Слева,Есть,56° 13' 48,96400'',46° 24' 59,64600''
Картуково - Микряково - Васильсурск,9,424,Парастаево,Слева,Есть,56° 13' 46,02300'',46° 23' 22,87425''
Картуково - Микряково - Васильсурск,11,57,Емешево,Слева,Есть,56° 13' 54,12086'',46° 21' 21,08229''
Картуково - Микряково - Васильсурск,14,568,Красногорка,Слева,Есть,56° 13' 19,79894'',46° 19' 01,47035''
Картуково - Микряково - Васильсурск,15,312,Актушево,Слева,Есть,56° 13' 21,31200'',46° 18' 19,80600''
Картуково - Микряково - Васильсурск,17,396,,Слева,Есть,56° 13' 31,40600'',46° 16' 20,17200''
Картуково - Микряково - Васильсурск,22,493,Яшмолкино,Слева,Есть,56° 12' 02,44326'',46° 12' 35,37568''
Картуково - Микряково - Васильсурск,25,308,Яктан-Сола,Справа,Есть,56° 11' 52,73136'',46° 9' 53,35128''
Картуково - Микряково - Васильсурск,29,419,Рябиновка,Слева,Есть,56° 10' 24,67343'',46° 8' 00,59343''
Картуково - Микряково - Васильсурск,29,521,Рябиновка,Справа,Нет,56° 10' 22,00200'',46° 7' 56,82750''
Кузнецово - Токари,1,871,Юлъялы,Слева,Нет,56° 9' 49,54659'',46° 41' 15,70341''
Кузнецово - Токари,6,566,Паулкино,Справа,Есть,56° 10' 29,33486'',46° 45' 24,99943''
Кузнецово - Токари,10,11,Токари,Справа,Есть,56° 11' 27,27273'',46° 47' 03,77127''
Виловатово - Шиндыръялы,3,807,,Справа,Есть,56° 11' 31,32822'',46° 39' 01,68430''
Визимьяры - Юксары,10,495,Куплонга,Слева,Есть,56° 24' 01,87225'',47° 4' 14,51300''
Визимьяры - Юксары,10,54,Куплонга,Справа,Нет,56° 24' 01,57355'',47° 4' 11,87000''
Визимьяры - Юксары,10,825,Куплонга,Справа,Нет,56° 23' 59,68434'',47° 3' 55,40784''
Визимьяры - Юксары,12,368,Куплонгинский,Слева,Нет,56° 23' 11,98500'',47° 3' 42,90150''
Визимьяры - Юксары,12,418,Куплонгинский,Справа,Нет,56° 23' 10,30114'',47° 3' 43,50043''
Визимьяры - Юксары,12,854,Куплонгинский,Слева,Нет,56° 22' 56,38800'',47° 3' 41,87400''
Визимьяры - Юксары,12,9,Куплонгинский,Справа,Есть,56° 22' 54,91200'',47° 3' 41,31900''
Визимьяры - Юксары,16,386,Б.Ермучаш,Слева,Есть,56° 21' 14,67250'',47° 4' 23,41500''
Визимьяры - Юксары,16,475,Б.Ермучаш,Справа,Нет,56° 21' 11,83987'',47° 4' 21,78825''
Визимьяры - Юксары,21,815,Юксары,Справа,Есть,56° 18' 52,47600'',47° 2' 15,87600''
Килемары - Кумья,1,15,Килемары,Справа,Есть,56° 46' 21,06300'',46° 50' 53,82300''
Большие Памъялы - Майский,4,178,Монастырь,Справа,Есть,56° 42' 50,17108'',46° 36' 17,85369''
Большие Памъялы - Майский,11,279,Майский,Справа,Есть,56° 42' 40,62440'',46° 29' 22,29240''
Самкино - Нежнурский,0,3,Нежнур,Справа,Есть,56° 53' 35,46000'',46° 45' 08,35800''
Емешево - Пайгусово - Засурье,1,725,Луково,Слева,Есть,56° 12' 57,57150'',46° 21' 04,12950''
Емешево - Пайгусово - Засурье,1,768,Луково,Справа,Нет,56° 12' 56,35080'',46° 21' 04,51800''
Емешево - Пайгусово - Засурье,2,636,Вержуково,Слева,Есть,56° 12' 30,21331'',46° 21' 23,23138''
Емешево - Пайгусово - Засурье,2,686,Вержуково,Справа,Нет,56° 12' 28,73943'',46° 21' 24,44143''
Емешево - Пайгусово - Засурье,4,252,Сидулино,Слева,Есть,56° 11' 50,25300'',46° 20' 52,57500''
Емешево - Пайгусово - Засурье,4,292,Сидулино,Справа,Нет,56° 11' 49,48800'',46° 20' 50,59200''
Емешево - Пайгусово - Засурье,5,156,Мятиково,Слева,Есть,56° 11' 33,63388'',46° 20' 09,34624''
Емешево - Пайгусово - Засурье,5,198,Митиково,Справа,Нет,56° 11' 32,84400'',46° 20' 07,35565''
Емешево - Пайгусово - Засурье,9,379,Федоткино,Слева,Есть,56° 9' 56,51743'',46° 17' 28,61700''
Емешево - Пайгусово - Засурье,9,422,Федоткино,Справа,Нет,56° 9' 55,38225'',46° 17' 27,69525''
Емешево - Пайгусово - Засурье,18,995,Пятилиповка,Слева,Есть,56° 5' 44,44388'',46° 13' 52,78350''
Макарово - Кожважи - Шактенваж,3,705,Кожважи,Справа,Есть,56° 7' 36,75000'',46° 39' 53,57743''
Килемары - Большое Кибеево,18,867,Мусь,Слева,Есть,56° 53' 26,44800'',47° 3' 57,11200''
Килемары - Большое Кибеево,22,125,Коктуш,Слева,Есть,56° 54' 59,77680'',47° 4' 55,27440''
Ореховка - Краснооктябрьский - Большие Шапы,0,297,Агрохимик,Слева,Есть,56° 38' 28,67644'',47° 40' 58,90538''
Ореховка - Краснооктябрьский - Большие Шапы,1,563,"Сады ""Вишенка",Справа,Нет,56° 39' 07,01002'',47° 40' 31,27574''
Ореховка - Краснооктябрьский - Большие Шапы,1,637,"Сады ""Вишенка",Слева,Есть,56° 39' 09,23427'',47° 40' 29,43159''
Ореховка - Краснооктябрьский - Большие Шапы,3,53,Нолька,Слева,Есть,56° 40' 05,58976'',47° 39' 45,62008''
Ореховка - Краснооктябрьский - Большие Шапы,4,502,Краснооктябрьский,Слева,Нет,56° 40' 31,67175'',47° 39' 18,50400''
Ореховка - Краснооктябрьский - Большие Шапы,4,533,Краснооктябрьский,Справа,Есть,56° 40' 31,74282'',47° 39' 16,67878''
Ореховка - Краснооктябрьский - Большие Шапы,14,81,Б.Шапы,Слева,Есть,56° 39' 53,00735'',47° 32' 21,53208''
Кучки-Кучкинское лесничество,1,585,Дачи,Слева,Есть,56° 35' 46,53724'',47° 33' 33,86208''
Кучки-Кучкинское лесничество,1,641,Дачи,Справа,Нет,56° 35' 44,71326'',47° 33' 33,78675''
Кузнецово - Юлъялы,0,67,Кузнецово,Справа,Есть,56° 9' 52,29733'',46° 41' 21,18267''
Килемары - Большое Кибеево - Удюрма,0,25,Удюрма,Слева,Есть,56° 49' 40,91000'',46° 57' 19,73400''
Красная Люнда - Васильевское,0,83,Круглово,Справа,Есть,56° 30' 37,08600'',46° 1' 01,30200''
Красная Люнда - Васильевское,8,436,Никольская Слобода,Справа,Есть,56° 33' 03,76976'',45° 54' 57,22624''
Красная Люнда - Васильевское,13,132,Растягаиха,Слева,Есть,56° 33' 24,81720'',45° 50' 37,09720''
Красная Люнда - Васильевское,13,18,Растягаиха,Справа,Нет,56° 33' 23,78050'',45° 50' 35,03900''
Красная Люнда - Васильевское,17,945,Васильевское,Слева,Есть,56° 31' 17,73800'',45° 48' 10,07000''
Среднее Азяково - Шеклянур,2,649,Шеклянур,Слева,Есть,56° 39' 09,93937'',47° 37' 15,01858''
Горный Шумец - Поляна - Подлесная,3,47,Подлесная,Слева,Есть,56° 18' 29,95800'',46° 11' 30,43500''
Быковка - Горный Шумец - Починок,2,47,Майдан,Слева,Нет,56° 17' 12,93300'',46° 13' 28,77150''
Быковка - Горный Шумец - Починок,2,143,Майдан,Справа,Нет,56° 17' 10,93537'',46° 13' 24,50025''
Быковка - Горный Шумец - Починок,3,276,Аэропорт,Слева,Нет,56° 16' 51,14280'',46° 12' 29,59680''
Быковка - Горный Шумец - Починок,6,26,Горный Шумец,Слева,Есть,56° 16' 46,21246'',46° 9' 59,78954''
Быковка - Горный Шумец - Починок,10,9,Починок,Справа,Есть,56° 16' 44,24486'',46° 6' 13,99714''
Марьино - Ленинский,3,79,Ленинский,Слева,Нет,56° 33' 56,40114'',45° 57' 19,87686''
Растегаиха - Абросимово,3,112,Абросимово,Слева,Есть,56° 34' 46,90029'',45° 49' 02,40086''
Подъезд к п. Три Рутки,4,553,Три Рутки,Слева,Есть,56° 31' 16,69800'',46° 37' 35,96640''
Картуково - Еласы - Пайгусово,0,32,Чебоксары,Справа,Есть,56° 12' 56,74800'',46° 33' 17,24057''
Картуково - Еласы - Пайгусово,2,604, Картуково ,Слева,Есть,56° 12' 07,15737'',46° 31' 32,07884''
Картуково - Еласы - Пайгусово,2,649, Картуково ,Справа,Есть,56° 12' 06,65492'',46° 31' 29,40415''
Картуково - Еласы - Пайгусово,4,69,Чермышово-1,Слева,Есть,56° 11' 27,21600'',46° 30' 05,85000''
Картуково - Еласы - Пайгусово,4,729,Чермышово-1,Справа,Нет,56° 11' 26,04300'',46° 30' 04,31750''
Картуково - Еласы - Пайгусово,8,547,Еласы,Слева,Нет,56° 10' 06,01200'',46° 27' 28,43400''
Картуково - Еласы - Пайгусово,11,334, Якнуры ,Слева,Есть,56° 8' 54,63900'',46° 25' 57,34500''
Картуково - Еласы - Пайгусово,14,217, Емелево ,Справа,Есть,56° 8' 29,36400'',46° 23' 24,78738''
Картуково - Еласы - Пайгусово,17,574,Алехино,Слева,Есть,56° 9' 09,61500'',46° 21' 11,63400''
Картуково - Еласы - Пайгусово,18,77,Изикино,Слева,Есть,56° 9' 47,79035'',46° 21' 02,27471''
Картуково - Еласы - Пайгусово,20,254,Пертюково,Слева,Нет,56° 10' 35,58000'',46° 20' 53,44320''
Малиновка Первая - Шекмино Первое,0,263,,Слева,Есть,56° 10' 32,35057'',46° 8' 53,40771''
Малиновка Первая - Шекмино Первое,1,409,,Слева,Есть,56° 10' 18,51000'',46° 9' 55,24941''
Подъезд к с. Красногорка,1,859,Красногорка,Справа,Есть,56° 18' 08,17000'',46° 30' 19,81400''
Микряково - Емангаши,2,6,Стар.Правление,Справа,Есть,56° 13' 38,01240'',46° 14' 51,59880''
Лидывуй - Усола - Носелы,0,964,,Справа,Есть,56° 13' 51,72150'',46° 34' 19,17150''
Лидывуй - Усола - Носелы,3,353,Носелы,Слева,Есть,56° 14' 02,40240'',46° 36' 30,44400''
Лидывуй - Усола - Носелы,4,839,Ключево,Справа,Есть,56° 14' 05,56280'',46° 37' 55,31480''
Пайгусово - Салмандаево,0,22,Пайгусово,Слева,Есть,56° 10' 54,35143'',46° 18' 29,85171''
Виловатово - Новый - Паратмары - Юванькино,2,197,Новый,Справа,Есть,56° 9' 08,66400'',46° 35' 48,61000''
Виловатово - Новый - Паратмары - Юванькино,4,79,,Справа,Есть,56° 8' 34,63500'',46° 34' 50,30400''
Руэм - Йошкар-Ола,0,543,Дачи,Справа,Нет,56° 38' 02,87089'',47° 46' 05,49209''
Руэм - Йошкар-Ола,3,606,Йошкар-Ола,Справа,Есть,56° 37' 21,28096'',47° 48' 49,27858''
Куяр - Солнечный - Ронга,3,12,ФБУ ИК - 4,Слева,Есть,56° 34' 01,08900'',48° 1' 20,80200''
Куяр - Солнечный - Ронга,4,554,,Слева,Есть,56° 33' 58,94667'',48° 2' 51,15533''
Куяр - Солнечный - Ронга,11,532,Юбилейный,Слева,Нет,56° 34' 13,99200'',48° 9' 34,75200''
Куяр - Солнечный - Ронга,11,624,Юбилейный,Справа,Нет,56° 34' 13,87800'',48° 9' 40,24200''
Куяр - Солнечный - Ронга,15,903,Заря-1,Справа,Нет,56° 34' 12,58800'',48° 13' 50,26371''
Куяр - Солнечный - Ронга,20,103,Луговой,Слева,Есть,56° 33' 55,58700'',48° 17' 54,48300''
Куяр - Солнечный - Ронга,35,4,Голубой,Слева,Есть,56° 35' 49,30015'',48° 27' 01,15569''
Куяр - Солнечный - Ронга,35,44,Голубой,Справа,Нет,56° 35' 50,12400'',48° 27' 02,51274''
Куяр - Солнечный - Ронга,40,645,Гор. Поляна,Справа,Есть,56° 38' 33,70762'',48° 27' 51,70125''
Куяр - Солнечный - Ронга,44,76,Великополье,Справа,Есть,56° 40' 38,44729'',48° 29' 13,94753''
Куяр - Солнечный - Ронга,48,183,Ронга,Слева,Есть,56° 42' 12,16200'',48° 30' 38,68680''
Куяр - Солнечный - Ронга,48,412,Ронга,Справа,Есть,56° 42' 19,51725'',48° 30' 38,94225''
Куяр - Солнечный - Ронга,54,31,Шуми-Сола,Слева,Есть,56° 45' 15,59100'',48° 30' 55,81350''
Пектубаево - Шура - Большая Шимшурга,0,158,Оршанка,Слева,Нет,57° 2' 32,03133'',48° 23' 38,21533''
Пектубаево - Шура - Большая Шимшурга,0,206,Оршанка,Справа,Есть,57° 2' 33,45086'',48° 23' 36,81429''
Пектубаево - Шура - Большая Шимшурга,8,247,Сосновка,Слева,Есть,57° 6' 12,73586'',48° 21' 09,61886''
Пектубаево - Шура - Большая Шимшурга,8,298,Сосновка,Справа,Нет,57° 6' 13,85271'',48° 21' 07,41986''
Пектубаево - Шура - Большая Шимшурга,11,149,Шура,Слева,Есть,57° 7' 26,42492'',48° 19' 57,38169''
Пектубаево - Шура - Большая Шимшурга,11,179,Шура,Справа,Нет,57° 7' 27,41908'',48° 19' 57,13892''
Большой Вильял - Куанпамаш - Комичи,7,157,Куан- Памаш,Слева,Есть,57° 5' 04,54067'',48° 33' 42,42333''
Шишур - Кремленки - Яснур,0,189,,Справа,Есть,57° 2' 05,02467'',48° 27' 45,02333''
Шишур - Кремленки - Яснур,5,956,,Справа,Есть,57° 4' 42,73050'',48° 28' 11,97300''
Шишур - Кремленки - Яснур,8,68,,Справа,Есть,57° 6' 04,54600'',48° 27' 57,93200''
Русский Кугунур - Большой Ляждур,1,815,Актугансола,Слева,Есть,56° 46' 17,98473'',49° 10' 08,94436''
Русский Кугунур - Большой Ляждур,6,27,Юледур,Слева,Нет,56° 48' 27,59530'',49° 10' 33,54678''
Русский Кугунур - Большой Ляждур,6,186,Купсола,Справа,Нет,56° 48' 31,05000'',49° 10' 41,77029''
Подъезд к д. Мари Шои,0,37,,Справа,Есть,56° 40' 51,00480'',49° 5' 39,25080''
Басалаево - Салтакъял,0,119,Басалаево,Справа,Есть,56° 46' 14,48700'',48° 56' 56,37950''
Басалаево - Салтакъял,5,874,Басалаево,Справа,Есть,56° 43' 31,37224'',48° 56' 51,08894''
Басалаево - Салтакъял,8,448,Салтакъял,Слева,Есть,56° 42' 24,25200'',48° 55' 47,35800''
Памашнур - Шорсола,5,107,Шорсола,Слева,Есть,56° 49' 13,31100'',49° 4' 31,83350''
Большой Царанур - Иштымбал - Чодраял,2,871,,Слева,Есть,56° 47' 30,45257'',48° 49' 17,00571''
Фадейкино - Старое Мазиково,1,754,Старое Мазиково,Слева,Есть,56° 24' 03,51600'',49° 6' 07,52314''
Фадейкино - Старое Мазиково,1,881,Старое Мазиково,Справа,Нет,56° 23' 59,34873'',49° 6' 07,98000''
Шоруньжа - Шлань,0,279,Шоруньжа,Слева,Есть,56° 27' 52,01925'',49° 30' 42,86175''
Шоруньжа - Шлань,2,33,Шлань,Справа,Есть,56° 27' 50,42400'',49° 32' 41,17800''
Кокрем - Петровское,10,99,Петровское,Слева,Есть,56° 33' 06,11700'',49° 15' 29,30700''
Нурумбал - Большой Шоръял,0,611,,Слева,Нет,56° 29' 51,74400'',49° 3' 10,88600''
Большие Шали - Азъял - Малый Кулеял,0,7,Кучукенер,Справа,Есть,56° 25' 03,91114'',48° 51' 07,10143''
Большие Шали - Азъял - Малый Кулеял,5,548,Кучукенер,Справа,Нет,56° 23' 30,59084'',48° 54' 49,08789''
Коркатово - Верхний Кожлаер,3,28,Верхний Кожлаер,Слева,Есть,56° 22' 25,70400'',48° 43' 23,65200''
Коркатово - Чодраял - Чавайнур,3,462,Арино,Справа,Есть,56° 21' 31,65231'',48° 48' 33,16754''
Коркатово - Чодраял - Чавайнур,5,754,Арино,Слева,Есть,56° 21' 36,07988'',48° 50' 19,77863''
Чавайнур - Нуръял Карамас,0,12,Чавайнур,Слева,Есть,56° 20' 37,40805'',48° 52' 03,14224''
Морки - Кучко Памаш - Нижняя Юплань  ,8,538,Шургыял,Справа,Есть,56° 21' 25,20451'',48° 56' 39,98430''
Сосновка - Малая Шимшурга - Крюковцы,3,154,Малая Шимшурга,Слева,Нет,57° 7' 03,36900'',48° 22' 36,60540''
Сосновка - Малая Шимшурга - Крюковцы,3,16,Малая Шимшурга,Справа,Нет,57° 7' 03,24300'',48° 22' 36,88980''
Малая Речка - Пижма - Юж - Толешево,2,137,Сухоречье,Слева,Есть,56° 51' 45,63360'',47° 26' 26,42040''
Малая Речка - Пижма - Юж - Толешево,2,461,Сухоречье,Справа,Нет,56° 51' 40,34775'',47° 26' 09,88500''
Малая Речка - Пижма - Юж - Толешево,4,523,Большая Убрень,Справа,Есть,56° 51' 04,44000'',47° 24' 27,39150''
Малая Речка - Пижма - Юж - Толешево,7,617,Пижма,Справа,Есть,56° 49' 51,31600'',47° 22' 39,41000''
Кужнур - Большая Лумарь - Сухоречье,3,234, Б.Танаково,Слева,Есть,57° 4' 45,43275'',48° 42' 33,43388''
Кужнур - Большая Лумарь - Сухоречье,6,85, Б.Лумарь,Слева,Есть,57° 6' 36,48933'',48° 42' 38,83667''
Кузнецово - Юшково,0,817,Игнатьево,Слева,Есть,56° 40' 56,30640'',48° 1' 23,43600''
Кузнецово - Юшково,2,68,Кузнецово,Слева,Есть,56° 41' 24,41520'',48° 2' 14,54880''
Кузнецово - Юшково,2,24,Кузнецово,Справа,Нет,56° 41' 28,62800'',48° 2' 21,40400''
Кузнецово - Юшково,2,908,Кузнецово,Слева,Есть,56° 41' 40,38060'',48° 2' 53,81160''
Кузнецово - Юшково,2,962,Кузнецово,Справа,Нет,56° 41' 41,40000'',48° 2' 56,36160''
Кузнецово - Юшково,3,734,Шоя-Кузнецово,Слева,Есть,56° 41' 53,01333'',48° 3' 36,08933''
Кузнецово - Юшково,5,18,Юшково,Справа,Нет,56° 42' 26,11200'',48° 4' 36,35400''
Кузнецово - Юшково,5,728,Юшково,Слева,Есть,56° 42' 39,11625'',48° 4' 58,05525''
Кузнецово - Юшково,5,964,Юшково,Справа,Есть,56° 42' 44,94600'',48° 5' 07,42800''
Кузнецово - Юшково,7,324,Ким,Слева,Есть,56° 43' 11,04857'',48° 6' 10,01571''
Юбилейный - Азаново - Яндушево,2,964,Азаново,Справа,Есть,56° 43' 09,41250'',48° 13' 04,30050''
Юбилейный - Азаново - Яндушево,3,805,Азаново,Слева,Есть,56° 42' 57,94200'',48° 13' 48,57240''
Юбилейный - Азаново - Яндушево,6,54,Азаново,Справа,Есть,56° 42' 32,61000'',48° 15' 48,64200''
Ургакш - Ронга - Морки,9,599,Ронга,Слева,Есть,56° 42' 19,69500'',48° 31' 22,60650''
Ургакш - Ронга - Морки,13,973,Караксола,Слева,Есть,56° 41' 55,12867'',48° 35' 33,59200''
Ургакш - Ронга - Морки,28,986,Немецсола,Слева,Нет,56° 36' 47,92200'',48° 45' 22,43100''
Ургакш - Ронга - Морки,29,2,Немецсола,Справа,Нет,56° 36' 46,89554'',48° 45' 23,47292''
Ургакш - Ронга - Морки,36,817,Весь Шурга,Слева,Есть,56° 33' 13,93320'',48° 48' 19,63320''
Ургакш - Ронга - Морки,37,32,ул. Молодежная,Справа,Есть,56° 33' 08,52600'',48° 48' 27,34200''
Ургакш - Ронга - Морки,43,388,Чодрасола,Слева,Нет,56° 29' 50,12400'',48° 49' 07,92000''
Ургакш - Ронга - Морки,43,68,Чодрасола,Справа,Есть,56° 29' 40,80750'',48° 49' 08,18610''
Ургакш - Ронга - Морки,45,11,Себеусад Волаксола,Справа,Есть,56° 28' 56,79382'',48° 48' 49,28782''
Ургакш - Ронга - Морки,47,83,Себеусад Волаксола,Слева,Есть,56° 28' 08,69040'',48° 50' 57,39900''
Ургакш - Ронга - Морки,47,87,Себеусад Волаксола,Справа,Нет,56° 28' 08,01600'',48° 50' 59,43000''
Ургакш - Ронга - Морки,51,355,Тушкино,Слева,Нет,56° 27' 04,74671'',48° 53' 47,93824''
Ургакш - Ронга - Морки,51,517,Тушкино,Справа,Есть,56° 27' 01,77150'',48° 53' 55,91850''
Ургакш - Ронга - Морки,52,355,Б.Кожлаял,Справа,Есть,56° 26' 48,61950'',48° 54' 37,16250''
Ургакш - Советский,1,354,Ургакш,Справа,Есть,56° 44' 38,38431'',48° 24' 57,90185''
Ургакш - Советский,1,501,Ургакш,Слева,Есть,56° 44' 41,43231'',48° 25' 04,63754''
Ургакш - Советский,2,333,Ургакш,Слева,Есть,56° 44' 49,94700'',48° 25' 50,34750''
Ургакш - Советский,2,544,Ургакш,Справа,Есть,56° 44' 52,03486'',48° 26' 02,15086''
Вятское - Орша - Кордемтюр ,2,305,Вятское,Слева,Есть,56° 46' 29,26154'',48° 31' 18,25108''
Вятское - Орша - Кордемтюр ,5,621,,Слева,Есть,56° 48' 09,14400'',48° 32' 17,40600''
Вятское - Орша - Кордемтюр ,7,164,Колянур,Слева,Есть,56° 48' 56,76537'',48° 32' 38,80768''
Вятское - Орша - Кордемтюр ,17,84,,Слева,Есть,56° 54' 08,46000'',48° 30' 08,46508''
Алексеевский - Средний Кадам - Пектубаево,0,12,,Справа,Есть,56° 44' 53,99782'',48° 20' 00,99655''
Алексеевский - Средний Кадам - Пектубаево,7,427,,Справа,Нет,56° 48' 33,21400'',48° 21' 14,10600''
Алексеевский - Средний Кадам - Пектубаево,7,53,,Слева,Есть,56° 48' 36,54600'',48° 21' 15,28800''
Алексеевский - Средний Кадам - Пектубаево,8,675,,Слева,Есть,56° 48' 57,24353'',48° 22' 10,91329''
Алексеевский - Средний Кадам - Пектубаево,8,975,,Справа,Нет,56° 49' 02,45859'',48° 22' 25,97682''
Алексеевский - Средний Кадам - Пектубаево,10,414,,Слева,Нет,56° 49' 34,47200'',48° 23' 23,84600''
Алексеевский - Средний Кадам - Пектубаево,10,742,,Справа,Нет,56° 49' 43,58267'',48° 23' 33,02978''
Алексеевский - Средний Кадам - Пектубаево,11,368,,Слева,Есть,56° 50' 01,34933'',48° 23' 51,16267''
Алексеевский - Средний Кадам - Пектубаево,18,73,,Слева,Есть,56° 53' 34,74600'',48° 23' 54,03400''
Алексеевский - Средний Кадам - Пектубаево,18,981,,Справа,Нет,56° 53' 42,94556'',48° 23' 56,19778''
Алексеевский - Средний Кадам - Пектубаево,20,498,М.Кадам,Слева,Есть,56° 54' 29,56933'',48° 24' 15,59267''
Алексеевский - Средний Кадам - Пектубаево,20,807,,Справа,Нет,56° 54' 39,47356'',48° 24' 15,04067''
Алексеевский - Средний Кадам - Пектубаево,22,533,Ср. Кадам,Слева,Есть,56° 55' 35,51288'',48° 24' 12,10688''
Алексеевский - Михайловка - Андреевка,0,114,Алексеевский,Справа,Есть,56° 44' 43,43123'',48° 20' 40,45108''
Алексеевский - Михайловка - Андреевка,11,806,Михайловка,Слева,Есть,56° 39' 25,40169'',48° 15' 33,97662''
Алексеевский - Михайловка - Андреевка,12,57,Нуженер,Справа,Есть,56° 39' 08,60400'',48° 15' 35,88000''
Подъезд к д. Маркелово,2,464,Меркулово,Справа,Есть,57° 0' 46,47540'',48° 37' 01,35720''
Малая Речка - Средняя Турша - Головино,4,182,Туршемучаш,Слева,Есть,56° 52' 20,96585'',47° 34' 17,15585''
Малая Речка - Средняя Турша - Головино,4,345,Туршемучаш,Справа,Нет,56° 52' 26,15571'',47° 34' 18,28286''
Малая Речка - Средняя Турша - Головино,4,813,Средняя Турша,Слева,Нет,56° 52' 39,77815'',47° 34' 28,78154''
Малая Речка - Средняя Турша - Головино,6,62,Малая Турша,Справа,Есть,56° 53' 08,52800'',47° 35' 17,46000''
Мышино - Новый (с подъездами),0,564,Новый,Слева,Есть,56° 40' 06,40333'',47° 48' 42,01567''
Мышино - Новый (с подъездами),0,628,Новый,Справа,Нет,56° 40' 08,35000'',47° 48' 43,23800''
Мышино - Новый (с подъездами),1,307,Новый,Слева,Есть,56° 40' 29,13600'',47° 48' 57,57540''
Мышино - Новый (с подъездами),1,31,Новый,Справа,Нет,56° 40' 29,21467'',47° 48' 57,67400''
Подъезд к д. Люльпаны,1,202,Люльпаны,Справа,Есть,56° 49' 50,91240'',47° 33' 49,41960''
Кузнецово - Русский Кукмор - Сурты,2,563,Апшакбеляк,Слева,Есть,56° 40' 27,32743'',48° 4' 16,13657''
Кузнецово - Русский Кукмор - Сурты,7,822,с. Русский Кукмор,Слева,Есть,56° 40' 18,33933'',48° 8' 37,28267''
Данилово - Савино,1,46,Данилово,Справа,Есть,56° 39' 21,76029'',48° 0' 30,33943''
Данилово - Савино,1,492,Данилово,Справа,Есть,56° 39' 20,85600'',48° 0' 31,68000''
Арбаны - Нурма - Ныръял,2,201,Нурма,Слева,Есть,56° 42' 29,29694'',47° 43' 17,02024''
Арбаны - Нурма - Ныръял,6,237,Ныръял,Слева,Нет,56° 43' 59,25600'',47° 41' 28,90800''
Йошкар-Ола - Данилово,1,12,Семеновка,Справа,Есть,56° 39' 28,52509'',47° 58' 16,53327''
Йошкар-Ола - Данилово,1,175,Семеновка,Слева,Есть,56° 39' 29,49600'',47° 58' 19,23327''
Йошкар-Ола - Данилово,2,67,Савино,Слева,Есть,56° 39' 54,49000'',47° 59' 34,56850''
Йошкар-Ола - Данилово,3,812,Данилово,Слева,Есть,56° 40' 14,67660'',48° 0' 30,68520''
Йошкар-Ола - Данилово,3,871,Данилово,Справа,Нет,56° 40' 15,72150'',48° 0' 33,57750''
Петриково - Юбилейный,1,199,,Слева,Есть,56° 45' 20,08154'',48° 12' 35,02292''
Данилово - Семеновка ,0,552,Данилово,Слева,Есть,56° 39' 15,32564'',47° 58' 37,65327''
Данилово - Семеновка ,0,923,Данилово,Слева,Есть,56° 39' 04,45600'',47° 58' 46,93467''
Кузнецово - Новое Комино,1,176,Кузнецово,Слева,Есть,56° 41' 43,72642'',48° 1' 49,64589''
Кузнецово - Новое Комино,1,289,Кузнецово,Справа,Нет,56° 41' 47,02333'',48° 1' 53,38200''
Юбилейный - Томшарово - Яшмаково,8,,Яшмаково,Слева,Есть,56° 45' 42,86400'',48° 5' 14,86200''
Юбилейный - Шуарсола - Большая Руясола,0,146,Юбилейный,Справа,Есть,56° 44' 24,17400'',48° 10' 43,74000''
Большой Тумъюмучаш - Кукмарь - Васташуй,1,972,Пибахтино,Слева,Есть,56° 51' 36,02320'',48° 43' 18,63120''
Подъезд к с. Чкарино,1,4,Чкарино,Слева,Есть,56° 42' 12,87200'',48° 26' 03,78600''
Алеево-Кужмара - Большой Шургумал ,4,699,Кужмара,Справа,Нет,56° 50' 43,55908'',48° 19' 40,22123''
Алеево-Кужмара - Большой Шургумал ,6,115,Куберсола,Слева,Есть,56° 51' 11,40200'',48° 20' 35,40400''
Подъезд к д. Средний Кадам,0,659,,Справа,Нет,56° 55' 52,22400'',48° 23' 41,54400''
Подъезд к д. Средний Кадам,0,659,,Слева,Нет,56° 55' 52,22400'',48° 23' 41,54400''
Подъезд к п. Голубой,0,83,Голубой,Справа,Нет,56° 36' 07,11375'',48° 27' 38,75475''
Подъезд к п. Голубой,0,845,Голубой,Слева,Нет,56° 36' 07,44600'',48° 27' 39,43200''
Великополье-Зеленый,1,76,,Слева,Есть,56° 40' 33,13892'',48° 30' 09,88708''
Орша - Захарята,4,635,Захарята,Слева,Нет,56° 55' 29,48400'',48° 33' 28,83000''
Михайловка-Большеникольск,5,41,Никольское,Справа,Есть,56° 39' 28,68600'',48° 21' 07,99800''
Верх-Ушнур - Куркумбал - Колокуда,4,31,Колокуда,Слева,Есть,56° 44' 53,06100'',48° 40' 19,93650''
Мананмучаш-Кельмаксола-Лайсола,0,16,,Справа,Есть,56° 44' 50,77740'',48° 17' 18,25440''
Мананмучаш-Кельмаксола-Лайсола,1,834,Мананмучаш,Слева,Есть,56° 45' 43,17600'',48° 16' 51,93800''
Мананмучаш-Кельмаксола-Лайсола,4,47,Энгерсола,Слева,Есть,56° 47' 06,87300'',48° 16' 30,60386''
Мананмучаш-Кельмаксола-Лайсола,8,11,Б. Руясола,Слева,Есть,56° 48' 53,96820'',48° 15' 00,71640''
Шургуял - Большой Ашламаш - Кундушумбал,2,39,Ашламаш,Слева,Есть,56° 43' 04,05471'',48° 36' 16,41429''
Подъезд к д. Сабер,0,298,,Слева,Нет,56° 51' 01,62000'',48° 56' 59,60400''
Подъезд к д. Сабер,0,87,,Справа,Нет,56° 50' 45,96360'',48° 57' 16,43040''
Знаменский - Паганур - Кугенерка,0,346,ул.Победы,Справа,Есть,56° 38' 48,72960'',47° 59' 02,32560''
Знаменский - Паганур - Кугенерка,5,403,Кладбище,Слева,Нет,56° 38' 13,79400'',48° 3' 20,50920''
Новый Торъял - Масканур,4,171,Дачи,Слева,Есть,57° 1' 34,30418'',48° 41' 31,03582''
Новый Торъял - Масканур,4,282,Дачи,Справа,Нет,57° 1' 37,29257'',48° 41' 26,59029''
Новый Торъял - Масканур,6,76,Кужнур,Слева,Есть,57° 2' 55,60500'',48° 41' 43,02100''
Новый Торъял - Масканур,6,8,Кужнур,Справа,Нет,57° 2' 56,44800'',48° 41' 41,72400''
Новый Торъял - Масканур,15,976,Масканур,Справа,Есть,57° 7' 21,45000'',48° 38' 17,60100''
Новый Торъял - Немда - Обалыш - Советск,2,978,Б. Пызаново,Слева,Нет,57° 1' 27,29440'',48° 45' 19,68320''
Новый Торъял - Немда - Обалыш - Советск,3,5,Б. Пызаново,Справа,Нет,57° 1' 27,78600'',48° 45' 20,90880''
Новый Торъял - Немда - Обалыш - Советск,7,53,Чобыково,Слева,Есть,57° 3' 21,83400'',48° 48' 05,17200''
Новый Торъял - Немда - Обалыш - Советск,7,583,Чобыково,Справа,Нет,57° 3' 23,28412'',48° 48' 06,85163''
Йошкар-Ола - Уржум,12,476,Кузнецово,Слева,Есть,56° 41' 19,68540'',48° 2' 48,48180''
Йошкар-Ола - Уржум,12,511,Кузнецово,Справа,Есть,56° 41' 20,34960'',48° 2' 50,07300''
Йошкар-Ола - Уржум,15,901,,Справа,Нет,56° 42' 38,82060'',48° 5' 08,89080''
Йошкар-Ола - Уржум,15,904,,Слева,Есть,56° 42' 38,88960'',48° 5' 09,00960''
Йошкар-Ола - Уржум,18,162,Ежово,Справа,Есть,56° 43' 21,46620'',48° 6' 54,72720''
Йошкар-Ола - Уржум,22,219,Шуарсола,Справа,Есть,56° 44' 16,22490'',48° 10' 31,45080''
Йошкар-Ола - Уржум,23,646,Азаново,Справа,Есть,56° 44' 34,06020'',48° 11' 48,63930''
Йошкар-Ола - Уржум,24,732,Юбилейный,Справа,Нет,56° 44' 41,78976'',48° 12' 51,09408''
Йошкар-Ола - Уржум,29,228,Мананмучаш,Справа,Есть,56° 44' 44,91780'',48° 17' 12,24780''
Йошкар-Ола - Уржум,32,533,Алексеевский,Слева,Есть,56° 44' 47,83920'',48° 20' 25,14300''
Йошкар-Ола - Уржум,32,565,Алексеевский,Справа,Есть,56° 44' 47,67990'',48° 20' 26,98620''
Йошкар-Ола - Уржум,33,466,Алексеевский,Слева,Нет,56° 44' 41,46576'',48° 21' 18,67896''
Йошкар-Ола - Уржум,33,546,Алексеевский,Справа,Нет,56° 44' 40,81200'',48° 21' 23,19120''
Йошкар-Ола - Уржум,40,723,Советский,Справа,Нет,56° 45' 06,15096'',48° 28' 04,09440''
Йошкар-Ола - Уржум,40,723,Советский,Слева,Есть,56° 45' 06,15096'',48° 28' 04,09440''
Йошкар-Ола - Уржум,43,908,,Справа,Нет,56° 45' 17,67480'',48° 31' 09,80760''
Йошкар-Ола - Уржум,48,866,Комсомольский,Слева,Есть,56° 46' 01,84944'',48° 35' 50,31096''
Йошкар-Ола - Уржум,49,64,Комсомольский,Справа,Нет,56° 46' 03,51480'',48° 36' 01,66968''
Йошкар-Ола - Уржум,50,609,Немецродо,Слева,Есть,56° 46' 16,90200'',48° 37' 29,16600''
Йошкар-Ола - Уржум,51,57,Верх-Ушнур,Справа,Нет,56° 46' 20,60256'',48° 37' 54,75720''
Йошкар-Ола - Уржум,51,826,Верх -Ушнур,Слева,Есть,56° 46' 27,73704'',48° 38' 38,02776''
Йошкар-Ола - Уржум,52,19,Верх -Ушнур,Справа,Нет,56° 46' 31,19880'',48° 38' 47,59800''
Йошкар-Ола - Уржум,58,51,Нурсола,Слева,Нет,56° 48' 54,89136'',48° 42' 38,85624''
Йошкар-Ола - Уржум,58,471,Нурсола,Справа,Есть,56° 49' 02,17488'',48° 42' 59,83200''
Йошкар-Ола - Уржум,61,274,Пондашсола,Слева,Есть,56° 49' 08,93496'',48° 45' 41,21280''
Йошкар-Ола - Уржум,61,502,Верх-Ушнур,Справа,Есть,56° 49' 10,70040'',48° 45' 54,34632''
Йошкар-Ола - Уржум,62,632,Тумьюмучаш,Слева,Есть,56° 49' 28,06968'',48° 46' 53,13864''
Йошкар-Ола - Уржум,62,902,Ерошкино,Справа,Есть,56° 49' 32,23920'',48° 47' 07,01664''
Йошкар-Ола - Уржум,64,83,Одобеляк,Слева,Есть,56° 49' 45,98400'',48° 48' 11,88144''
Йошкар-Ола - Уржум,64,299,Одобеляк,Справа,Есть,56° 49' 48,49608'',48° 48' 23,61312''
Йошкар-Ола - Уржум,69,554,Тунья,Слева,Есть,56° 51' 20,16288'',48° 52' 44,76720''
Йошкар-Ола - Уржум,69,755,Тунья,Справа,Есть,56° 51' 24,04656'',48° 52' 54,26040''
Йошкар-Ола - Уржум,72,857,Токтайбеляк,Справа,Есть,56° 52' 21,06120'',48° 55' 23,36520''
Йошкар-Ола - Уржум,76,375,Чашкаял,Слева,Есть,56° 53' 08,86848'',48° 58' 30,55656''
Йошкар-Ола - Уржум,82,358,Куприяново,Справа,Есть,56° 54' 16,81200'',49° 3' 59,44680''
Йошкар-Ола - Уржум,89,234,,Справа,Есть,56° 55' 28,02810'',49° 10' 02,29080''
Йошкар-Ола - Уржум,94,83,,Слева,Есть,56° 53' 39,65640'',49° 12' 55,48140''
Йошкар-Ола - Уржум,94,196,,Справа,Нет,56° 53' 37,79808'',49° 13' 01,22880''
Йошкар-Ола - Уржум,98,215,Лажьял,Слева,Есть,56° 52' 33,12390'',49° 16' 22,69740''
Йошкар-Ола - Уржум,100,788,,Слева,Есть,56° 51' 56,67264'',49° 18' 38,64600''
Йошкар-Ола - Уржум,103,807,Параньга,Справа,Есть,56° 51' 11,19780'',49° 21' 15,73080''
Йошкар-Ола - Уржум,107,727,,Справа,Нет,56° 51' 12,99672'',49° 25' 02,04456''
Йошкар-Ола - Уржум,107,9,Елеево,Слева,Есть,56° 51' 11,13696'',49° 25' 11,67672''
Йошкар-Ола - Уржум,108,674,Елеево,Справа,Есть,56° 51' 10,81800'',49° 25' 56,51880''
Йошкар-Ола - Уржум,113,687,Ляжмарь,Слева,Есть,56° 52' 26,20800'',49° 30' 11,13420''
Йошкар-Ола - Уржум,114,41,Мари-Ляжмарь,Справа,Нет,56° 52' 33,18510'',49° 30' 27,86310''
Йошкар-Ола - Уржум,118,749,,Справа,Нет,56° 54' 17,40744'',49° 33' 45,07128''
Йошкар-Ола - Уржум,118,807,Скрябино,Слева,Есть,56° 54' 18,52344'',49° 33' 47,79936''
Йошкар-Ола - Уржум,120,768,,Слева,Нет,56° 54' 55,93680'',49° 35' 20,00400''
Йошкар-Ола - Уржум,129,362,Малинкино,Справа,Нет,56° 59' 07,40112'',49° 37' 26,23296''
Йошкар-Ола - Уржум,129,667,Малинкино,Слева,Есть,56° 59' 16,67040'',49° 37' 31,71720''
Йошкар-Ола - Уржум,131,998,,Слева,Нет,57° 0' 15,39936'',49° 38' 42,24840''
Йошкар-Ола - Уржум,132,146,,Справа,Нет,57° 0' 19,96920'',49° 38' 39,88320''
Йошкар-Ола - Санчурск,6,746,Мышино,Слева,Есть,56° 39' 24,72600'',47° 49' 52,08600''
Йошкар-Ола - Санчурск,10,57,Ельняги,Слева,Есть,56° 40' 40,63400'',47° 47' 03,25400''
Йошкар-Ола - Санчурск,12,294,Салтак Корем,Слева,Есть,56° 41' 31,97000'',47° 46' 23,96600''
Йошкар-Ола - Санчурск,14,938,Арбаны,Слева,Есть,56° 42' 50,13000'',47° 45' 21,31200''
Йошкар-Ола - Санчурск,15,81,Арбаны,Справа,Нет,56° 42' 54,30200'',47° 45' 16,93800''
Йошкар-Ола - Санчурск,18,233,Мазары,Справа,Нет,56° 44' 16,88000'',47° 43' 29,71800''
Йошкар-Ола - Санчурск,18,354,Мазары,Слева,Есть,56° 44' 19,91000'',47° 43' 25,22400''
Йошкар-Ола - Санчурск,20,335,Сады Заря,Слева,Есть,56° 45' 10,10400'',47° 42' 12,99750''
Йошкар-Ола - Санчурск,21,69,,Слева,Нет,56° 45' 27,60000'',47° 41' 44,20800''
Йошкар-Ола - Санчурск,21,128,,Справа,Нет,56° 45' 29,05200'',47° 41' 41,80800''
Йошкар-Ола - Санчурск,21,853,,Слева,Нет,56° 45' 44,34150'',47° 41' 09,63900''
Йошкар-Ола - Санчурск,21,906,,Справа,Нет,56° 45' 45,22800'',47° 41' 06,93000''
Йошкар-Ола - Санчурск,25,248,Яныкайсола,Справа,Нет,56° 46' 54,78600'',47° 38' 37,26600''
Йошкар-Ола - Санчурск,25,34,Яныкайсола,Слева,Есть,56° 46' 56,78400'',47° 38' 33,27600''
Йошкар-Ола - Санчурск,27,498,Сады Гигант,Справа,Есть,56° 47' 38,50800'',47° 36' 56,34300''
Йошкар-Ола - Санчурск,27,61,Сады Гигант,Слева,Нет,56° 47' 40,60200'',47° 36' 50,85600''
Йошкар-Ола - Санчурск,32,702,,Справа,Нет,56° 49' 25,42050'',47° 33' 00,13800''
Йошкар-Ола - Санчурск,32,754,,Слева,Есть,56° 49' 26,62800'',47° 32' 57,87000''
Йошкар-Ола - Санчурск,34,793,М.Речка,Слева,Есть,56° 50' 24,46650'',47° 32' 01,87350''
Мари-Билямор - Сенда,1,417,Александровский,Слева,Есть,56° 49' 33,53250'',49° 53' 59,28600''
Мари-Билямор - Сенда,1,466,Александровский,Справа,Нет,56° 49' 31,96440'',49° 54' 00,19080''
Мари-Билямор - Сенда,3,48,Лесной,Слева,Есть,56° 48' 43,39320'',49° 54' 27,45000''
Мари-Билямор - Сенда,5,141,Сенда,Слева,Есть,56° 47' 44,63850'',49° 55' 17,87850''
Оршанка - Упша,1,954,Оршанка,Слева,Есть,56° 54' 58,11300'',47° 52' 08,34750''
Оршанка - Упша,3,169,Малая Орша,Слева,Есть,56° 55' 02,63100'',47° 51' 00,51600''
Оршанка - Упша,11,995,Упша,Слева,Есть,56° 52' 38,99000'',47° 43' 55,79800''
Оршанка - Упша,13,249,Упша,Слева,Есть,56° 52' 00,43200'',47° 43' 54,86400''
Анисково - Лужбеляк - Малый Кугланур,0,133,,Справа,Нет,56° 59' 47,78100'',48° 17' 27,36000''
Анисково - Лужбеляк - Малый Кугланур,4,561,Лужбеляк,Слева,Есть,57° 0' 43,84200'',48° 13' 50,31600''
Анисково - Лужбеляк - Малый Кугланур,7,845,Наволож,Слева,Есть,57° 2' 26,49300'',48° 13' 47,62200''
Анисково - Лужбеляк - Малый Кугланур,7,879,Наволож,Справа,Нет,57° 2' 27,59880'',48° 13' 47,44080''
Анисково - Лужбеляк - Малый Кугланур,9,557,Кр. Речка,Слева,Нет,57° 3' 21,05400'',48° 13' 45,91800''
Анисково - Лужбеляк - Малый Кугланур,9,6,Кр. Речка,Справа,Нет,57° 3' 22,20600'',48° 13' 47,37600''
Анисково - Лужбеляк - Малый Кугланур,12,49,,Слева,Нет,57° 4' 16,00800'',48° 16' 01,52400''
Воробьи - Табашино,2,899,,Справа,Нет,56° 58' 13,62000'',47° 49' 31,30200''
Воробьи - Табашино,2,941,,Слева,Нет,56° 58' 13,86600'',47° 49' 28,89600''
Ильинка - Пуял,1,271,Ильинка,Слева,Есть,56° 47' 51,08400'',47° 57' 30,49200''
Ильинка - Пуял,1,345,Ильинка,Справа,Есть,56° 47' 50,36550'',47° 57' 34,70550''
Ильинка - Пуял,3,63,Старое Крещено,Слева,Есть,56° 47' 56,71800'',47° 59' 37,57200''
Ильинка - Пуял,3,68,Старое Крещено,Справа,Нет,56° 47' 57,48900'',47° 59' 40,06350''
Ильинка - Пуял,8,565,Великополье,Слева,Есть,56° 48' 57,01800'',48° 4' 01,63200''
Ильинка - Пуял,11,674,Мари-Енур,Слева,Есть,56° 49' 52,89600'',48° 6' 28,77300''
Ильинка - Пуял,11,754,Мари-Енур,Справа,Нет,56° 49' 54,79050'',48° 6' 32,10300''
Анисково - Отары - Аппаково,3,172,,Справа,Есть,56° 58' 28,53300'',48° 18' 17,88660''
Пуялка - Чирки,1,831,,Слева,Нет,56° 54' 55,74000'',48° 6' 05,06400''
Пуялка - Чирки,1,885,,Справа,Нет,56° 54' 54,69450'',48° 6' 07,62600''
Пуялка - Чирки,3,337,,Слева,Есть,56° 54' 20,30550'',48° 7' 04,99650''
Пуялка - Чирки,3,754,,Справа,Нет,56° 54' 10,90680'',48° 7' 22,76160''
Пуялка - Чирки,10,353,Чирки,Слева,Есть,56° 53' 28,07040'',48° 13' 18,28080''
Пуялка - Чирки,10,406,Чирки,Справа,Нет,56° 53' 29,21850'',48° 13' 20,54700''
Пуялка - Чирки,11,625,,Слева,Есть,56° 53' 57,15600'',48° 14' 10,82100''
Упша - Хорошавинский,6,736,Хорошавинский,Слева,Есть,56° 55' 05,49994'',47° 39' 51,71779''
Оршанка - Клюкино,0,569,Оршанка,Слева,Есть,56° 54' 15,91800'',47° 53' 58,98000''
Оршанка - Клюкино,1,636,Оршанка,Слева,Есть,56° 54' 48,52200'',47° 53' 48,79000''
Подъезд к д. Лавровка ,0,7,,Слева,Есть,56° 34' 12,84600'',47° 42' 58,42200''
Подъезд к д. Лавровка ,1,407,,Справа,Есть,56° 34' 35,83200'',47° 42' 56,14800''
Нюхта - Поланур,2,164,,Слева,Есть,56° 42' 51,19804'',47° 51' 48,72282''
Кюшнур - Лесной,1,189,Лесной,Слева,Есть,56° 47' 02,30400'',47° 47' 25,41600''
Шойбулак - Купсола - Курукнур,4,644,Курукнур,Слева,Есть,56° 44' 45,71250'',47° 59' 17,57100''
Шойбулак - Цибикнур - Тумер,0,82,Шойбулак,Справа,Есть,56° 43' 18,33000'',47° 55' 21,06300''
Шойбулак - Цибикнур - Тумер,2,69,Нюхта,Слева,Есть,56° 43' 34,78440'',47° 53' 29,13000''
Шойбулак - Цибикнур - Тумер,4,339,Орешкино,Слева,Есть,56° 44' 00,68160'',47° 51' 24,35520''
Шойбулак - Цибикнур - Тумер,6,174,Цибикнур,Слева,Есть,56° 44' 11,88960'',47° 49' 38,64600''
Шойбулак - Цибикнур - Тумер,7,85,Цибикнур,Слева,Есть,56° 44' 27,04200'',47° 48' 56,82600''
Шойбулак - Цибикнур - Тумер,7,179,Цибикнур,Справа,Нет,56° 44' 29,55960'',47° 48' 53,67840''
Шойбулак - Цибикнур - Тумер,9,903,Новая Кушма,Слева,Нет,56° 45' 53,66160'',47° 48' 25,36200''
Шойбулак - Цибикнур - Тумер,9,961,Новая Кушма,Справа,Нет,56° 45' 55,54800'',47° 48' 25,45800''
Шойбулак - Цибикнур - Тумер,11,129,Кугуван,Слева,Есть,56° 46' 33,21750'',47° 48' 26,49000''
Шойбулак - Цибикнур - Тумер,11,185,Кугуван,Справа,Нет,56° 46' 35,10000'',47° 48' 26,46600''
Подъезд к п. Светлый,0,865,,Слева,Есть,56° 33' 13,59000'',47° 50' 23,98200''
Йошкар-Ола - Большая Ноля,1,66,Большая Ноля,Слева,Есть,56° 35' 52,35300'',47° 49' 49,60350''
Йошкар-Ола - Большая Ноля,3,194,Большая Ноля,Справа,Есть,56° 35' 13,73400'',47° 49' 14,64600''
Йошкар-Ола - Большая Ноля,3,207,Большая Ноля,Слева,Есть,56° 35' 13,37100'',47° 49' 15,16800''
Подъезд к п. Чернушка,2,84,п. Чернушка,Слева,Есть,56° 30' 27,28800'',47° 52' 44,61000''
Большой Сердеж - Летник - Мари-Пижай,6,665,Мари-Шолнер,Слева,Нет,56° 59' 00,94650'',49° 15' 29,86500''
Большой Сердеж - Летник - Мари-Пижай,6,698,Мари-Шолнер,Справа,Есть,56° 59' 01,47000'',49° 15' 31,63800''
Большой Сердеж - Летник - Мари-Пижай,12,48,Удельный Пижай,Справа,Нет,57° 0' 07,71600'',49° 20' 43,51800''
Суслонгер - Мочалище - Филиппсола,1,541,Суслонгер,Слева,Есть,56° 18' 59,47500'',48° 15' 22,83450''
Сернур - Калеево,1,564,Сернур,Справа,Есть,56° 56' 10,65600'',49° 9' 51,53400''
Сернур - Калеево,5,338,Кочанур,Справа,Есть,56° 56' 09,48240'',49° 13' 24,03840''
Сернур - Калеево,8,393,Б. Сердеж,Слева,Есть,56° 55' 57,33600'',49° 16' 15,92520''
Сернур - Калеево,8,519,Б. Сердеж,Справа,Нет,56° 55' 57,28800'',49° 16' 23,36520''
Сернур - Калеево,9,608,Пирогово,Слева,Есть,56° 55' 46,96680'',49° 17' 24,49680''
Сернур - Калеево,9,784,Пирогово,Справа,Нет,56° 55' 47,11200'',49° 17' 34,93200''
Сернур - Калеево,13,28,Кр. Ключ,Слева,Есть,56° 55' 53,44920'',49° 21' 00,71640''
Сернур - Калеево,13,62,Кр. Ключ,Справа,Нет,56° 55' 57,45480'',49° 21' 18,95520''
Сернур - Калеево,16,128,Зашижемье,Слева,Есть,56° 56' 54,78600'',49° 23' 03,55050''
Сернур - Калеево,16,606,Б. Онучино,Справа,Нет,56° 57' 05,49600'',49° 23' 23,95200''
Сернур - Калеево,21,927,Тараканово,Слева,Нет,56° 58' 37,19400'',49° 27' 47,63100''
Сернур - Калеево,22,345,Тараканово,Справа,Нет,56° 58' 43,36440'',49° 28' 09,75720''
Сернур - Калеево,25,49,Калеево,Слева,Есть,56° 59' 08,58840'',49° 30' 38,44920''
Исменцы - Лесная,3,677,,Справа,Есть,55° 59' 32,07000'',48° 13' 12,74800''
Ташнур - Янашбеляк,1,557,Ташнур,Слева,Есть,56° 9' 19,88800'',48° 14' 36,99000''
Иркино - Торганово - Красный Яр,1,581,Иркино,Слева,Есть,56° 4' 10,62600'',48° 0' 38,00400''
Иркино - Торганово - Красный Яр,1,586,Иркино,Справа,Нет,56° 4' 10,45400'',48° 0' 37,83600''
Подъезд к с. Кокшайск,7,115,гостиничный комплекс Олимп,Слева,Есть,56° 7' 53,95200'',47° 50' 02,27400''
Подъезд к п. Таир,2,918,п. Таир,Слева,Есть,56° 16' 07,40400'',47° 51' 08,91900''
Подъезд к с. Сидельниково,2,32,с. Сидельниково,Справа,Есть,56° 9' 29,57700'',47° 37' 59,18100''
Подъезд к д. Кокшамары,3,685,д.Кокшамары,Слева,Есть,56° 9' 54,72000'',47° 43' 39,35760''
Подъезд к д. Кокшамары,3,77,д.Кокшамары,Справа,Нет,56° 9' 54,30750'',47° 43' 44,27550''
Мари-Шолнер - Лоскутово - Токтамыж,7,102,Лоскутово,Слева,Есть,57° 1' 05,72250'',49° 13' 46,75200''
Мари-Шолнер - Лоскутово - Токтамыж,11,943,Токтамыж,Справа,Есть,56° 59' 02,26050'',49° 14' 55,70850''
Верхний Кугенер - Большая Мушка - Кучукенер,4,313,,Слева,Есть,56° 53' 44,15280'',49° 8' 59,03880''
Чендемерово - Большая Коклала,2,765,,Слева,Есть,56° 53' 14,35800'',49° 6' 40,26000''
Чендемерово - Большая Коклала,3,737,,Слева,Есть,56° 52' 50,18400'',49° 6' 13,33800''
Малое Онучино-Зашижемье,1,456,Зашижемье,Слева,Есть,56° 57' 53,83785'',49° 23' 01,01016''
Марисола - Большие Ключи - Верхний Писинер,4,47,,Слева,Есть,57° 1' 43,64880'',49° 1' 14,89200''
Марисола - Большие Ключи - Верхний Писинер,4,85,,Справа,Нет,57° 1' 43,46520'',49° 1' 12,64800''
Марисола - Большие Ключи - Верхний Писинер,7,287,,Слева,Есть,57° 0' 38,93760'',49° 0' 13,12560''
Кукнур - Эшполдино,0,89,,Справа,Есть,57° 14' 11,09700'',49° 5' 02,24700''
Кукнур - Эшполдино,10,285,Эшполдино,Слева,Есть,57° 17' 53,46360'',49° 8' 49,28520''
Кукнур - Эшполдино,10,42,Эшполдино,Справа,Нет,57° 17' 57,16800'',49° 8' 44,98950''
Кожласола - Шаба - Ерши,6,195,,Слева,Есть,57° 3' 42,65400'',49° 0' 10,29000''
Нижний Рушенер - Куракино,5,616,Куськино,Слева,Есть,57° 10' 55,19640'',49° 2' 40,61400''
Кукнур - Читово,1,702,Кукнур,Справа,Есть,57° 14' 47,27640'',49° 4' 20,20200''
Йошкар-Ола - Уржум (обратное направление),18,8,Ежово-Мироносицкий монастырь,Слева,Есть,56° 43' 23,55840'',48° 6' 58,83600''
Йошкар-Ола - Уржум (обратное направление),22,362,Шуарсола,Слева,Есть,56° 44' 22,20120'',48° 10' 51,28440''
Йошкар-Ола - Уржум (обратное направление),23,599,Азаново,Слева,Нет,56° 44' 36,09074'',48° 11' 59,14564''
Йошкар-Ола - Уржум (обратное направление),24,669,Юбилейный,Слева,Есть,56° 44' 43,73908'',48° 13' 00,75788''
Параньга - Алашайка - Портчара,0,54,Алашайка,Справа,Есть,56° 44' 45,47400'',49° 23' 56,23800''
Параньга - Алашайка - Портчара,2,4,Тоштоял,Слева,Есть,56° 45' 07,90800'',49° 25' 43,59000''
Параньга - Алашайка - Портчара,4,725,Куянково,Слева,Есть,56° 45' 39,89400'',49° 28' 06,34500''
Объездная автодорога п.г.т. Параньга,7,16,Параньга,Слева,Есть,56° 41' 46,08600'',49° 23' 27,83400''
Мари-Турек - Мари-Билямор,1,831,Мари-Турек,Справа,Есть,56° 47' 34,42200'',49° 38' 20,92200''
Мари-Турек - Мари-Билямор,5,552,Тат-Китня,Слева,Есть,56° 47' 55,87950'',49° 41' 55,88550''
Мари-Турек - Мари-Билямор,5,708,Тат-Китня,Справа,Нет,56° 47' 56,75400'',49° 42' 04,90500''
Мари-Турек - Мари-Билямор,6,233,Тат- Китня,Слева,Есть,56° 48' 08,29800'',49° 42' 24,33900''
Мари-Турек - Мари-Билямор,7,346,Тат- Китня,Слева,Есть,56° 48' 19,06950'',49° 43' 11,08200''
Мари-Турек - Мари-Билямор,8,776,Тат-Китня,Слева,Есть,56° 48' 07,20450'',49° 44' 31,56600''
Мари-Турек - Мари-Билямор,10,871,Яхино,Слева,Есть,56° 48' 22,74000'',49° 46' 29,34750''
Мари-Турек - Мари-Билямор,13,1,Елымбаево,Слева,Есть,56° 48' 36,63300'',49° 48' 31,12650''
Мари-Турек - Мари-Билямор,14,887,Большие Ноли,Слева,Есть,56° 49' 14,11800'',49° 49' 57,18000''
Мари-Турек - Мари-Билямор,14,932,Большие Ноли,Справа,Нет,56° 49' 15,05250'',49° 49' 59,09400''
Мари-Турек - Мари-Билямор,16,209,Нартас,Слева,Есть,56° 49' 30,31200'',49° 51' 05,78400''
Мари-Турек - Мари-Билямор,16,252,Нартас,Справа,Нет,56° 49' 30,87000'',49° 51' 08,28600''
Хлебниково - Крупино,5,366,Нижняя Мосара,Слева,Есть,56° 40' 44,70840'',49° 57' 05,16240''
Хлебниково - Крупино,5,413,Нижняя Мосара,Справа,Нет,56° 40' 45,84450'',49° 57' 07,02300''
Хлебниково - Крупино,10,858,Крупино,Слева,Есть,56° 42' 35,64000'',50° 0' 27,54000''
Мари-Турек - Мари-Купта - Аимково,9,259,Мари-Купта,Слева,Есть,56° 50' 59,09160'',49° 42' 54,82560''
Большой Карлыган - Сардаял,11,231,Сюльта,Слева,Есть,56° 29' 18,30000'',49° 59' 18,19200''
Большой Карлыган - Сардаял,11,361,Сюльта,Справа,Нет,56° 29' 14,25960'',49° 59' 16,11120''
Параньга - Олоры,2,349,,Справа,Есть,56° 42' 34,56300'',49° 25' 01,48800''
Параньга - Олоры,5,709,Усола,Слева,Есть,56° 43' 15,63600'',49° 27' 59,70300''
Параньга - Олоры,8,206,Тошкемнур,Слева,Есть,56° 43' 25,95120'',49° 30' 14,67960''
Параньга - Олоры,12,158,Олоры,Справа,Есть,56° 44' 32,08800'',49° 33' 16,75920''
Нижняя Мосара - Русская Мосара,1,74,Нижняя Мосара,Справа,Есть,56° 40' 15,31200'',49° 58' 35,62200''
Куракино - Портянур,3,734,Ирнур,Слева,Есть,56° 41' 45,95700'',49° 17' 13,80000''
Елеево - Мари-Турек - Лопово,1,476,Хасаново,Слева,Есть,56° 51' 04,87440'',49° 27' 12,49380''
Елеево - Мари-Турек - Лопово,7,886,Портчара,Слева,Есть,56° 49' 18,52320'',49° 32' 21,49080''
Елеево - Мари-Турек - Лопово,10,884,Мари-Шолнер,Слева,Есть,56° 48' 30,18600'',49° 34' 51,18960''
Елеево - Мари-Турек - Лопово,10,929,Мари-Шолнер,Справа,Нет,56° 48' 28,82970'',49° 34' 52,11120''
Елеево - Мари-Турек - Лопово,13,995,Мари-Турек,Слева,Есть,56° 46' 57,16470'',49° 35' 58,98570''
Елеево - Мари-Турек - Лопово,16,717,Мари-Турек,Справа,Есть,56° 46' 33,67380'',49° 38' 31,04610''
Елеево - Мари-Турек - Лопово,18,179,Заводской,Слева,Есть,56° 46' 07,39200'',49° 39' 39,60540''
Елеево - Мари-Турек - Лопово,19,45,Мари-Возармаш,Слева,Есть,56° 45' 28,68480'',49° 40' 03,81000''
Елеево - Мари-Турек - Лопово,25,182,Алексеевск,Справа,Нет,56° 43' 19,50600'',49° 43' 52,11120''
Елеево - Мари-Турек - Лопово,25,236,Алексеевск,Слева,Есть,56° 43' 18,73200'',49° 43' 54,92280''
Елеево - Мари-Турек - Лопово,35,452,Б.Опарино,Слева,Нет,56° 39' 34,13520'',49° 51' 04,72680''
Елеево - Мари-Турек - Лопово,35,508,Б.Опарино,Справа,Есть,56° 39' 33,48270'',49° 51' 07,78590''
Елеево - Мари-Турек - Лопово,41,115,Хлебниково,Слева,Нет,56° 38' 05,58330'',49° 55' 48,36360''
Елеево - Мари-Турек - Лопово,41,161,Хлебниково,Справа,Есть,56° 38' 04,59780'',49° 55' 50,50020''
Елеево - Мари-Турек - Лопово,45,223,Лом,Слева,Есть,56° 36' 36,44280'',49° 58' 42,01680''
Елеево - Мари-Турек - Лопово,45,273,Лом,Справа,Нет,56° 36' 34,98840'',49° 58' 43,32090''
Елеево - Мари-Турек - Лопово,46,753,Сизнерь,Справа,Есть,56° 35' 53,40480'',49° 59' 17,00520''
Елеево - Мари-Турек - Лопово,56,966,Толтенур,Слева,Есть,56° 33' 37,86120'',50° 6' 39,11400''
Елеево - Мари-Турек - Лопово,56,971,Толтенур,Справа,Нет,56° 33' 37,82700'',50° 6' 39,42360''
Елеево - Мари-Турек - Лопово,57,729,Мари-Посенур,Слева,Есть,56° 33' 40,11300'',50° 7' 23,14920''
Елеево - Мари-Турек - Лопово,57,78,Мари-Посенур,Справа,Нет,56° 33' 40,27320'',50° 7' 26,11920''
Елеево - Мари-Турек - Лопово,59,604,Кукрем,Справа,Нет,56° 33' 44,05140'',50° 9' 11,15460''
Елеево - Мари-Турек - Лопово,59,915,Лопово,Слева,Есть,56° 33' 39,94020'',50° 9' 27,75240''
Елеево - Мари-Турек - Лопово,60,4,Лопово,Справа,Нет,56° 33' 37,13490'',50° 9' 32,99670''
Елеево - Мари-Турек - Лопово,61,454,Шургунур,Слева,Есть,56° 33' 07,42680'',50° 10' 33,72600''
Морки - Русский Кугунур,3,637,Мичуринец,Слева,Есть,56° 27' 30,16800'',49° 1' 15,97800''
Морки - Русский Кугунур,3,856,Мичуринец,Справа,Нет,56° 27' 36,92800'',49° 1' 19,51200''
Морки - Русский Кугунур,8,916,Чукшинский карьер,Слева,Есть,56° 29' 40,24800'',49° 3' 44,13000''
Морки - Русский Кугунур,9,17,Чукшинский карьер,Справа,Нет,56° 29' 48,19050'',49° 3' 41,57700''
Морки - Русский Кугунур,12,4,Ядык Сола,Слева,Есть,56° 31' 18,25800'',49° 3' 54,93600''
Морки - Русский Кугунур,12,51,Ядык Сола,Справа,Нет,56° 31' 19,62750'',49° 3' 56,01600''
Морки - Русский Кугунур,33,475,Русские Шои,Слева,Есть,56° 40' 15,98640'',49° 7' 53,70360''
Морки - Русский Кугунур,35,458,Мари Шои,Слева,Нет,56° 41' 12,46200'',49° 7' 11,05800''
Морки - Русский Кугунур,35,611,Мари Шои,Справа,Есть,56° 41' 17,26050'',49° 7' 09,94350''
Морки - Русский Кугунур,41,211,Чодраял,Слева,Есть,56° 43' 59,98200'',49° 8' 23,76600''
Петъял - Учейкино - Пинжан Кукмор,3,791,Верхний Азъял,Справа,Нет,56° 5' 11,34000'',48° 44' 51,01200''
Петъял - Учейкино - Пинжан Кукмор,3,895, Верхний Азъял,Слева,Есть,56° 5' 09,22500'',48° 44' 55,78650''
Помары - Коркатово,0,144,Помары,Справа,Есть,55° 58' 03,55710'',48° 22' 13,44900''
Помары - Коркатово,2,461,Приволжский,Справа,Есть,55° 57' 58,15728'',48° 24' 24,09048''
Помары - Коркатово,2,572,Приволжский,Слева,Есть,55° 57' 59,90688'',48° 24' 29,46816''
Помары - Коркатово,3,379,Приволжский,Слева,Нет,55° 58' 04,05336'',48° 25' 10,46640''
Помары - Коркатово,3,531,Приволжский,Справа,Есть,55° 58' 02,44200'',48° 25' 18,79680''
Помары - Коркатово,7,904,Красная Горка,Слева,Нет,55° 57' 48,20184'',48° 29' 19,36752''
Помары - Коркатово,7,96,Красная Горка,Справа,Есть,55° 57' 48,51648'',48° 29' 22,55064''
Помары - Коркатово,8,705,Моркиялы,Слева,Есть,55° 57' 50,64750'',48° 30' 05,30370''
Помары - Коркатово,8,75,Моркиялы,Справа,Нет,55° 57' 50,87232'',48° 30' 07,88472''
Помары - Коркатово,9,994,Болотная,Слева,Нет,55° 57' 56,56320'',48° 31' 18,95520''
Помары - Коркатово,10,51,Болотная,Справа,Есть,55° 57' 56,53800'',48° 31' 22,28448''
Помары - Коркатово,12,721,Микушкино,Слева,Есть,55° 57' 59,18544'',48° 33' 56,17872''
Помары - Коркатово,12,984,Микушкино,Справа,Есть,55° 57' 59,62248'',48° 34' 11,32680''
Помары - Коркатово,13,616,Воскресенский,Слева,Есть,55° 58' 00,82200'',48° 34' 47,73900''
Помары - Коркатово,14,928,Бизюргуб,Слева,Есть,55° 58' 06,21660'',48° 36' 02,18520''
Помары - Коркатово,15,167,Бизюргуб,Справа,Нет,55° 58' 10,60140'',48° 36' 13,45860''
Помары - Коркатово,16,863,Старые Параты,Слева,Есть,55° 58' 46,61400'',48° 37' 25,84200''
Помары - Коркатово,16,92,Старые Параты,Справа,Есть,55° 58' 48,32904'',48° 37' 27,06600''
Помары - Коркатово,18,838,Очаково,Слева,Есть,55° 59' 42,63072'',48° 38' 17,08800''
Помары - Коркатово,20,45,Вахоткино,Слева,Есть,56° 0' 21,73320'',48° 38' 19,13280''
Помары - Коркатово,25,737,Карай,Слева,Есть,56° 2' 59,04168'',48° 38' 36,89376''
Помары - Коркатово,25,885,Карай,Справа,Нет,56° 3' 02,02536'',48° 38' 43,65240''
Помары - Коркатово,27,508,Нагорино,Слева,Есть,56° 3' 43,19010'',48° 39' 40,83120''
Помары - Коркатово,27,585,Нагорино,Справа,Нет,56° 3' 44,72136'',48° 39' 44,30520''
Помары - Коркатово,29,261,М. Сосновка,Слева,Есть,56° 4' 16,64760'',48° 41' 01,83030''
Помары - Коркатово,29,351,М. Сосновка,Справа,Нет,56° 4' 18,90480'',48° 41' 05,46216''
Помары - Коркатово,31,498,Петьялы,Справа,Нет,56° 5' 26,36592'',48° 41' 27,38760''
Помары - Коркатово,31,552,Петьялы,Слева,Есть,56° 5' 27,97118'',48° 41' 28,93249''
Помары - Коркатово,32,866,Петьялы,Слева,Есть,56° 6' 02,70720'',48° 41' 47,17320''
Помары - Коркатово,36,233,Ярамор,Справа,Есть,56° 7' 26,00976'',48° 43' 50,61864''
Помары - Коркатово,42,214,Курмузаково,Слева,Есть,56° 9' 06,82920'',48° 48' 31,98600''
Помары - Коркатово,42,631,Курмузаково,Справа,Нет,56° 9' 08,57522'',48° 48' 55,54105''
Помары - Коркатово,63,933,Кульбаш,Слева,Нет,56° 17' 51,72792'',48° 47' 53,42640''
Помары - Коркатово,63,972,Кульбаш,Справа,Есть,56° 17' 49,68016'',48° 47' 53,59813''
Помары - Коркатово,70,447,Морки,Слева,Есть,56° 20' 45,69720'',48° 45' 12,76560''
Приволжский - Эмеково - Челыкино,2,207,Эмеково,Слева,Есть,55° 59' 11,31000'',48° 25' 35,51400''
Приволжский - Эмеково - Челыкино,2,256,Эмеково,Справа,Нет,55° 59' 11,72520'',48° 25' 38,29560''
Приволжский - Эмеково - Челыкино,6,722,Челыкино,Справа,Нет,55° 58' 58,14000'',48° 29' 45,95200''
Морки - Уньжинский - Параньга,6,3,,Справа,Нет,56° 24' 50,14440'',49° 5' 13,75890''
Морки - Уньжинский - Параньга,6,2,,Слева,Есть,56° 24' 52,47000'',49° 5' 22,98264''
Морки - Уньжинский - Параньга,8,23,,Слева,Есть,56° 25' 19,80210'',49° 7' 10,21800''
Морки - Уньжинский - Параньга,19,787,,Справа,Нет,56° 23' 34,26810'',49° 17' 15,40770''
Морки - Уньжинский - Параньга,19,835,,Слева,Есть,56° 23' 34,23840'',49° 17' 18,27600''
Морки - Уньжинский - Параньга,21,477,,Слева,Есть,56° 23' 53,10960'',49° 18' 46,43460''
Морки - Уньжинский - Параньга,21,634,,Справа,Нет,56° 23' 55,35600'',49° 18' 54,65880''
Морки - Уньжинский - Параньга,23,374,,Слева,Есть,56° 24' 16,40304'',49° 20' 28,74840''
Морки - Уньжинский - Параньга,24,775,,Справа,Нет,56° 24' 33,75540'',49° 21' 44,34480''
Морки - Уньжинский - Параньга,24,878,Шиньша,Слева,Есть,56° 24' 34,87680'',49° 21' 49,79880''
Морки - Уньжинский - Параньга,28,786,Ключ-Сап,Слева,Есть,56° 25' 21,50310'',49° 25' 13,77210''
Морки - Уньжинский - Параньга,29,114,,Справа,Нет,56° 25' 30,52920'',49° 25' 23,61000''
Морки - Уньжинский - Параньга,31,305,Сапуньжа,Справа,Нет,56° 26' 19,88592'',49° 26' 53,49120''
Морки - Уньжинский - Параньга,31,468,Сапуньжа,Слева,Есть,56° 26' 23,27460'',49° 27' 00,93960''
Морки - Уньжинский - Параньга,42,399,Уньжинский,Справа,Есть,56° 31' 04,23479'',49° 30' 15,90119''
Морки - Уньжинский - Параньга,68,264,Параньга,Слева,Есть,56° 41' 46,76784'',49° 24' 48,21264''
Хлебниково - Мариец,4,43,,Слева,Нет,56° 35' 43,16700'',49° 55' 19,03800''
Хлебниково - Мариец,4,84,,Справа,Нет,56° 35' 42,08400'',49° 55' 17,68200''
Хлебниково - Мариец,8,436,,Слева,Есть,56° 33' 48,22350'',49° 52' 52,76550''
Хлебниково - Мариец,8,475,,Справа,Нет,56° 33' 47,06100'',49° 52' 51,74400''
Хлебниково - Мариец,14,528,,Слева,Есть,56° 31' 14,67200'',49° 49' 45,25800''
По речке Ноля - Заводской,1,635,Заводской,Слева,Есть,56° 46' 44,17800'',49° 40' 37,30800''
Мариец - Дружино,1,946,Малая Нуса,Слева,Нет,56° 31' 23,42100'',49° 51' 31,73100''
Мариец - Дружино,2,9,Малая Нуса,Справа,Нет,56° 31' 22,64400'',49° 51' 40,03800''
Мариец - Дружино,4,182,Тюнтерь,Слева,Есть,56° 31' 54,69000'',49° 53' 21,61800''
Мариец - Дружино,4,265,Тюнтерь,Справа,Нет,56° 31' 55,13400'',49° 53' 26,29950''
Елеево - Николашкино - Егорково,2,617,Помосьял,Справа,Есть,56° 52' 27,27000'',49° 23' 38,88000''
Елеево - Николашкино - Егорково,7,273,Николашкино,Справа,Есть,56° 54' 42,29250'',49° 23' 27,12300''
Куракино - Яндемирово,2,356,Центральная,Слева,Есть,56° 43' 07,82520'',49° 20' 34,64040''
Полевая - Ильнетуры,2,774,Полевая,Слева,Есть,56° 1' 04,06320'',48° 20' 37,39320''
Полевая - Ильнетуры,3,66,Коротково,Слева,Есть,56° 0' 47,93520'',48° 20' 00,10920''
Сотнур - Нуршари,1,407,Нуршари,Слева,Есть,56° 9' 42,12600'',48° 48' 05,25800''
Чодраял - Новые Карамасы,1,669,Чодыраял,Справа,Есть,56° 9' 50,43750'',48° 53' 27,84750''
Яльчикский - Яльчик,0,525,Яльчик,Справа,Нет,56° 1' 13,12251'',48° 23' 22,04901''
Яльчикский - Яльчик,2,75,ДОК Яльчик,Справа,Нет,56° 1' 40,11277'',48° 25' 07,20975''
Яльчикский - Яльчик,2,767,ДОК Яльчик,Слева,Есть,56° 1' 40,11900'',48° 25' 08,19613''
Яльчикский - Яльчик,6,58,МАРГУ Олимпиец,Слева,Нет,56° 0' 33,28399'',48° 26' 46,77038''
Илеть - Кленовая Гора,0,584,Илеть,Слева,Есть,56° 6' 31,73280'',48° 21' 14,30880''
Илеть - Кленовая Гора,0,9,Илеть,Справа,Нет,56° 6' 31,96800'',48° 21' 32,53950''
Илеть - Кленовая Гора,6,39,Кленовая Гора,Слева,Есть,56° 7' 55,15440'',48° 25' 47,78280''
Илеть - Кленовая Гора,6,611,Кленовая Гора,Справа,Нет,56° 8' 02,23800'',48° 25' 47,80200''
Подъезд к д. Шеменермучаш ,1,27,Шеменермучаш,Справа,Есть,56° 45' 39,93900'',49° 22' 22,36650''
Медведево - Пекшиксола - Большой Яшнур,2,24,Тойкино,Слева,Есть,56° 38' 49,86971'',47° 46' 19,82036''
Медведево - Пекшиксола - Большой Яшнур,3,247,Ошурга,Слева,Есть,56° 39' 01,42495'',47° 45' 50,34990''
Медведево - Пекшиксола - Большой Яшнур,3,29,Ошурга,Справа,Нет,56° 39' 01,92254'',47° 45' 49,09692''
Медведево - Пекшиксола - Большой Яшнур,4,363,Митькино,Слева,Есть,56° 39' 14,28681'',47° 45' 17,75918''
Медведево - Пекшиксола - Большой Яшнур,4,383,Митькино,Справа,Нет,56° 39' 14,51876'',47° 45' 17,17696''
Медведево - Пекшиксола - Большой Яшнур,5,833,Пекшиксола,Слева,Есть,56° 39' 31,05916'',47° 44' 36,09202''
Медведево - Пекшиксола - Большой Яшнур,5,914,Пекшиксола,Справа,Есть,56° 39' 32,27909'',47° 44' 34,20625''
Йошкар-Ола - Козьмодемьянск,6,62,Медведево,Слева,Есть,56° 38' 21,50610'',47° 48' 19,76130''
Йошкар-Ола - Козьмодемьянск,6,829,Медведево,Справа,Есть,56° 38' 20,95080'',47° 48' 07,71120''
Йошкар-Ола - Козьмодемьянск,7,215,Медведево,Слева,Есть,56° 38' 20,02920'',47° 47' 45,10320''
Йошкар-Ола - Козьмодемьянск,7,713,Чехова,Справа,Есть,56° 38' 18,88800'',47° 47' 15,95940''
Йошкар-Ола - Козьмодемьянск,7,825,Чехова,Слева,Есть,56° 38' 18,64968'',47° 47' 09,41424''
Йошкар-Ола - Козьмодемьянск,8,461,Мелиорация,Справа,Нет,56° 38' 17,18232'',47° 46' 32,26872''
Йошкар-Ола - Козьмодемьянск,8,605,Мелиорация,Слева,Есть,56° 38' 16,81260'',47° 46' 23,87820''
Йошкар-Ола - Козьмодемьянск,9,333,РУЭМ,Слева,Есть,56° 38' 15,27000'',47° 45' 41,31720''
Йошкар-Ола - Козьмодемьянск,9,345,РУЭМ,Справа,Нет,56° 38' 15,23130'',47° 45' 40,60710''
Йошкар-Ола - Козьмодемьянск,9,665,РУЭМ,Слева,Нет,56° 38' 14,49060'',47° 45' 21,90060''
Йошкар-Ола - Козьмодемьянск,9,704,РУЭМ,Справа,Нет,56° 38' 14,41824'',47° 45' 19,65672''
Йошкар-Ола - Козьмодемьянск,11,4,Крутой Овраг,Слева,Есть,56° 38' 20,93100'',47° 44' 05,73720''
Йошкар-Ола - Козьмодемьянск,11,55,Крутой Овраг,Справа,Нет,56° 38' 21,11640'',47° 44' 02,80680''
Йошкар-Ола - Козьмодемьянск,13,213,Нолька,Слева,Есть,56° 38' 20,15880'',47° 41' 56,35320''
Йошкар-Ола - Козьмодемьянск,13,269,Нолька,Справа,Нет,56° 38' 20,09400'',47° 41' 53,00520''
Йошкар-Ола - Козьмодемьянск,13,9,Ореховка,Слева,Есть,56° 38' 19,82400'',47° 41' 16,15200''
Йошкар-Ола - Козьмодемьянск,13,943,Ореховка,Справа,Есть,56° 38' 19,78260'',47° 41' 13,62120''
Йошкар-Ола - Козьмодемьянск,16,581,Азяково,Слева,Есть,56° 38' 06,26280'',47° 38' 44,85120''
Йошкар-Ола - Козьмодемьянск,16,785,Азяково,Справа,Нет,56° 38' 03,25320'',47° 38' 34,20600''
Йошкар-Ола - Козьмодемьянск,17,915,Азяково,Слева,Нет,56° 37' 46,87320'',47° 37' 35,14800''
Йошкар-Ола - Козьмодемьянск,21,659,Кучки,Слева,Есть,56° 36' 53,44200'',47° 34' 18,67800''
Йошкар-Ола - Козьмодемьянск,21,7,Кучки,Справа,Нет,56° 36' 52,81200'',47° 34' 16,54680''
Йошкар-Ола - Козьмодемьянск,39,747,Старожильск,Слева,Есть,56° 34' 16,21920'',47° 18' 20,08080''
Йошкар-Ола - Козьмодемьянск,49,505,Красный мост,Слева,Есть,56° 33' 55,67040'',47° 9' 26,56440''
Йошкар-Ола - Козьмодемьянск,49,67,Красный мост,Справа,Нет,56° 33' 53,05230'',47° 9' 18,15390''
Йошкар-Ола - Козьмодемьянск,73,18,Мадарские Выселки,Слева,Есть,56° 25' 43,41360'',46° 53' 25,55160''
Йошкар-Ола - Козьмодемьянск,73,109,Мадарские Выселки,Справа,Нет,56° 25' 42,27960'',46° 53' 20,76648''
Йошкар-Ола - Козьмодемьянск,75,428,Ершово,Слева,Есть,56° 25' 10,60140'',46° 51' 18,14580''
Йошкар-Ола - Козьмодемьянск,75,475,Ершово,Справа,Нет,56° 25' 09,96600'',46° 51' 15,66072''
Йошкар-Ола - Козьмодемьянск,79,897,Арда,Слева,Есть,56° 24' 38,81952'',46° 47' 05,25840''
Йошкар-Ола - Козьмодемьянск,79,912,Арда,Справа,Нет,56° 24' 38,77344'',46° 47' 04,37928''
Йошкар-Ола - Козьмодемьянск,81,99,Ардинское СПТУ 22,Слева,Есть,56° 24' 34,41870'',46° 45' 55,59210''
Йошкар-Ола - Козьмодемьянск,82,352,Мазикино,Слева,Есть,56° 24' 29,72520'',46° 44' 43,19520''
Йошкар-Ола - Козьмодемьянск,82,401,Мазикино,Справа,Нет,56° 24' 29,55600'',46° 44' 40,39080''
Йошкар-Ола - Козьмодемьянск,83,984,Алешкино,Справа,Нет,56° 25' 03,02160'',46° 43' 38,01144''
Йошкар-Ола - Козьмодемьянск,84,155,Алешкино,Слева,Есть,56° 25' 07,13280'',46° 43' 31,35432''
Йошкар-Ола - Козьмодемьянск,85,746,ХИМ,Слева,Есть,56° 25' 42,52080'',46° 42' 24,41880''
Йошкар-Ола - Козьмодемьянск,85,8,ХИМ,Справа,Нет,56° 25' 44,00130'',46° 42' 22,72500''
Йошкар-Ола - Козьмодемьянск,95,455,Три Рутки,Слева,Нет,56° 29' 06,87120'',46° 36' 41,46120''
Йошкар-Ола - Козьмодемьянск,95,505,Три Рутки,Справа,Есть,56° 29' 06,88920'',46° 36' 38,50740''
Йошкар-Ола - Козьмодемьянск,108,65,Ахперка,Слева,Есть,56° 24' 15,98661'',46° 30' 04,19506''
Йошкар-Ола - Козьмодемьянск,110,668,Озерки,Слева,Есть,56° 23' 14,89740'',46° 30' 16,26840''
Йошкар-Ола - Козьмодемьянск,110,785,Озерки,Справа,Есть,56° 23' 11,18310'',46° 30' 19,56330''
Козьмодемьянск - Большой Сундырь,3,464,Сады,Слева,Есть,56° 18' 21,21150'',46° 32' 18,96600''
Козьмодемьянск - Большой Сундырь,5,1,Октябрьский,Слева,Есть,56° 17' 31,09050'',46° 31' 54,28950''
Козьмодемьянск - Большой Сундырь,5,238,Октябрьский,Справа,Есть,56° 17' 26,55300'',46° 31' 55,01100''
Козьмодемьянск - Большой Сундырь,6,553,Коптяково,Справа,Есть,56° 16' 46,59000'',46° 32' 16,90800''
Козьмодемьянск - Большой Сундырь,8,711,Шелаболки,Слева,Есть,56° 15' 49,43400'',46° 33' 26,74800''
Козьмодемьянск - Большой Сундырь,8,981,Шелаболки,Справа,Нет,56° 15' 41,19000'',46° 33' 31,79400''
Козьмодемьянск - Большой Сундырь,10,16,Кулаково,Слева,Есть,56° 15' 09,81900'',46° 33' 42,99450''
Козьмодемьянск - Большой Сундырь,10,261,Кулаково,Справа,Есть,56° 15' 01,81600'',46° 33' 40,42200''
Козьмодемьянск - Большой Сундырь,12,18,Усола,Справа,Есть,56° 14' 06,38600'',46° 33' 27,50200''
Козьмодемьянск - Большой Сундырь,12,58,Усола,Слева,Нет,56° 14' 05,13000'',46° 33' 27,45900''
Козьмодемьянск - Большой Сундырь,15,833,Аргаево,Справа,Есть,56° 12' 06,50400'',46° 33' 40,93800''
Козьмодемьянск - Большой Сундырь,17,273,Куликалы,Справа,Есть,56° 11' 23,49000'',46° 33' 16,89750''
Козьмодемьянск - Большой Сундырь,17,333,Куликалы,Слева,Нет,56° 11' 21,59000'',46° 33' 18,10400''
Козьмодемьянск - Большой Сундырь,18,914,Сарлайкино,Справа,Есть,56° 10' 46,27800'',46° 34' 21,87000''
Козьмодемьянск - Большой Сундырь,18,934,Сарлайкино,Слева,Нет,56° 10' 45,93360'',46° 34' 22,94760''
Козьмодемьянск - Большой Сундырь,21,106,Шиндыръял,Слева,Есть,56° 10' 18,05000'',46° 36' 11,40000''
Козьмодемьянск - Большой Сундырь,25,271,Кожважи,Справа,Есть,56° 9' 27,35400'',46° 39' 45,61200''
Козьмодемьянск - Большой Сундырь,27,269,Алдеево,Справа,Есть,56° 8' 50,79480'',46° 41' 18,88200''
Козьмодемьянск - Большой Сундырь,29,209,Шерекей,Справа,Есть,56° 8' 22,69200'',46° 42' 55,57320''
Емешево - Копань - Покровское,3,814,Копань,Слева,Нет,56° 15' 51,13200'',46° 21' 24,61200''
Емешево - Копань - Покровское,3,863,Копань,Справа,Есть,56° 15' 51,78600'',46° 21' 27,23760''
Емешево - Копань - Покровское,9,572,Покровское,Слева,Есть,56° 17' 13,04200'',46° 25' 58,90000''
Кельмаксола - Лайсола - Алеево,1,85,Кельмаксола (Магазин),Справа,Есть,56° 48' 58,93200'',48° 16' 04,19400''
Кельмаксола - Лайсола - Алеево,2,623,Лайсола,Справа,Есть,56° 49' 11,83800'',48° 17' 28,60400''
